Timestamp,Tempo Restante,Pulsos Ativos Ponta,Pulsos Ativos Fora Ponta,Pulsos Reativos Ponta,Pulsos Reativos Fora Ponta,I. r (Sim/N�o),C. r (Sim/N�o), i (Sim/N�o),T.r (ativada/desativada),Tipo (azul, etc),Conta (R$),,,,
14/11/2022 12:00,900,0,0,10,0,3,0,0,0,Sim,N�o,Sim,ativada,azul,5,10
14/11/2022 12:00,899,0,0,18,41,5,52,0,0,Sim,N�o,Sim,ativada,azul,14,49
14/11/2022 12:00,898,0,0,19,9,5,73,0,0,Sim,N�o,Sim,ativada,azul,24,23
14/11/2022 12:00,897,0,0,11,41,3,42,0,0,Sim,N�o,Sim,ativada,azul,30,5
14/11/2022 12:00,896,0,0,2,43,0,73,0,0,Sim,N�o,Sim,ativada,azul,31,29
14/11/2022 12:00,895,0,0,0,41,0,12,0,0,Sim,N�o,Sim,ativada,azul,31,50
14/11/2022 12:00,894,0,0,7,21,2,16,0,0,Sim,N�o,Sim,ativada,azul,35,17
14/11/2022 12:00,893,0,0,16,57,4,97,0,0,Sim,N�o,Sim,ativada,azul,43,62
14/11/2022 12:00,892,0,0,19,89,5,97,0,0,Sim,N�o,Sim,ativada,azul,53,77
14/11/2022 12:00,891,0,0,14,12,4,24,0,0,Sim,N�o,Sim,ativada,azul,60,97
14/11/2022 12:00,890,0,0,4,56,1,37,0,0,Sim,N�o,Sim,ativada,azul,63,30
14/11/2022 12:00,889,0,0,0,0,0,0,0,0,Sim,N�o,Sim,ativada,azul,63,30
14/11/2022 12:00,888,0,0,4,63,1,39,0,0,Sim,N�o,Sim,ativada,azul,65,66
14/11/2022 12:00,887,0,0,14,20,4,26,0,0,Sim,N�o,Sim,ativada,azul,72,90
14/11/2022 12:00,886,0,0,19,91,5,97,0,0,Sim,N�o,Sim,ativada,azul,83,6
14/11/2022 12:00,885,0,0,16,50,4,95,0,0,Sim,N�o,Sim,ativada,azul,91,47
14/11/2022 12:00,884,0,0,7,12,2,14,0,0,Sim,N�o,Sim,ativada,azul,95,10
14/11/2022 12:00,883,0,0,0,39,0,12,0,0,Sim,N�o,Sim,ativada,azul,95,30
14/11/2022 12:00,882,0,0,2,49,0,75,0,0,Sim,N�o,Sim,ativada,azul,96,57
14/11/2022 12:00,881,0,0,11,50,3,45,0,0,Sim,N�o,Sim,ativada,azul,102,43
14/11/2022 12:00,880,0,0,19,13,5,74,0,0,Sim,N�o,Sim,ativada,azul,112,19
14/11/2022 12:00,879,0,0,18,37,5,51,0,0,Sim,N�o,Sim,ativada,azul,121,56
14/11/2022 12:00,878,0,0,9,91,2,97,0,0,Sim,N�o,Sim,ativada,azul,126,61
14/11/2022 12:00,877,0,0,1,54,0,46,0,0,Sim,N�o,Sim,ativada,azul,127,40
14/11/2022 12:00,876,0,0,0,94,0,28,0,0,Sim,N�o,Sim,ativada,azul,127,88
14/11/2022 12:00,875,0,0,8,68,2,60,0,0,Sim,N�o,Sim,ativada,azul,132,30
14/11/2022 12:00,874,0,0,17,63,5,29,0,0,Sim,N�o,Sim,ativada,azul,141,29
14/11/2022 12:00,873,0,0,19,56,5,87,0,0,Sim,N�o,Sim,ativada,azul,151,27
14/11/2022 12:00,872,0,0,12,71,3,81,0,0,Sim,N�o,Sim,ativada,azul,157,75
14/11/2022 12:00,871,0,0,3,36,1,1,0,0,Sim,N�o,Sim,ativada,azul,159,47
14/11/2022 12:00,870,0,0,0,12,0,4,0,0,Sim,N�o,Sim,ativada,azul,159,53
14/11/2022 12:00,869,0,0,5,96,1,79,0,0,Sim,N�o,Sim,ativada,azul,162,57
14/11/2022 12:00,868,0,0,15,51,4,65,0,0,Sim,N�o,Sim,ativada,azul,170,48
14/11/2022 12:00,867,0,0,20,0,6,0,0,0,Sim,N�o,Sim,ativada,azul,180,68
14/11/2022 12:00,866,0,0,15,29,4,59,0,0,Sim,N�o,Sim,ativada,azul,188,48
14/11/2022 12:00,865,0,0,5,72,1,72,0,0,Sim,N�o,Sim,ativada,azul,191,39
14/11/2022 12:00,864,0,0,0,8,0,2,0,0,Sim,N�o,Sim,ativada,azul,191,44
14/11/2022 12:00,863,0,0,3,56,1,7,0,0,Sim,N�o,Sim,ativada,azul,193,25
14/11/2022 12:00,862,0,0,12,96,3,89,0,0,Sim,N�o,Sim,ativada,azul,199,87
14/11/2022 12:00,861,0,0,19,64,5,89,0,0,Sim,N�o,Sim,ativada,azul,209,88
14/11/2022 12:00,860,0,0,17,45,5,24,0,0,Sim,N�o,Sim,ativada,azul,218,78
14/11/2022 12:00,859,0,0,8,41,2,52,0,0,Sim,N�o,Sim,ativada,azul,223,7
14/11/2022 12:00,858,0,0,0,83,0,25,0,0,Sim,N�o,Sim,ativada,azul,223,50
14/11/2022 12:00,857,0,0,1,68,0,50,0,0,Sim,N�o,Sim,ativada,azul,224,36
14/11/2022 12:00,856,0,0,10,18,3,5,0,0,Sim,N�o,Sim,ativada,azul,229,55
14/11/2022 12:00,855,0,0,18,51,5,55,0,0,Sim,N�o,Sim,ativada,azul,238,99
14/11/2022 12:00,854,0,0,19,2,5,71,0,0,Sim,N�o,Sim,ativada,azul,248,68
14/11/2022 12:00,853,0,0,11,24,3,37,0,0,Sim,N�o,Sim,ativada,azul,254,41
14/11/2022 12:00,852,0,0,2,32,0,70,0,0,Sim,N�o,Sim,ativada,azul,255,60
14/11/2022 12:00,851,0,0,0,46,0,14,0,0,Sim,N�o,Sim,ativada,azul,255,83
14/11/2022 12:00,850,0,0,7,38,2,21,0,0,Sim,N�o,Sim,ativada,azul,259,59
14/11/2022 12:00,849,0,0,16,70,5,1,0,0,Sim,N�o,Sim,ativada,azul,268,11
14/11/2022 12:00,848,0,0,19,87,5,96,0,0,Sim,N�o,Sim,ativada,azul,278,24
14/11/2022 12:00,847,0,0,13,96,4,19,0,0,Sim,N�o,Sim,ativada,azul,285,36
14/11/2022 12:00,846,0,0,4,41,1,32,0,0,Sim,N�o,Sim,ativada,azul,287,61
14/11/2022 12:00,845,0,0,0,0,0,0,0,0,Sim,N�o,Sim,ativada,azul,287,62
14/11/2022 12:00,844,0,0,4,78,1,44,0,0,Sim,N�o,Sim,ativada,azul,290,6
14/11/2022 12:00,843,0,0,14,36,4,31,0,0,Sim,N�o,Sim,ativada,azul,297,38
14/11/2022 12:00,842,0,0,19,93,5,98,0,0,Sim,N�o,Sim,ativada,azul,307,54
14/11/2022 12:00,841,0,0,16,37,4,91,0,0,Sim,N�o,Sim,ativada,azul,315,89
14/11/2022 12:01,840,0,0,6,95,2,9,0,0,Sim,N�o,Sim,ativada,azul,319,44
14/11/2022 12:01,839,0,0,0,34,0,10,0,0,Sim,N�o,Sim,ativada,azul,319,61
14/11/2022 12:01,838,0,0,2,61,0,78,0,0,Sim,N�o,Sim,ativada,azul,320,94
14/11/2022 12:01,837,0,0,11,67,3,50,0,0,Sim,N�o,Sim,ativada,azul,326,89
14/11/2022 12:01,836,0,0,19,20,5,76,0,0,Sim,N�o,Sim,ativada,azul,336,68
14/11/2022 12:01,835,0,0,18,27,5,48,0,0,Sim,N�o,Sim,ativada,azul,346,0
14/11/2022 12:01,834,0,0,9,73,2,92,0,0,Sim,N�o,Sim,ativada,azul,350,97
14/11/2022 12:01,833,0,0,1,44,0,43,0,0,Sim,N�o,Sim,ativada,azul,351,70
14/11/2022 12:01,832,0,0,1,2,0,31,0,0,Sim,N�o,Sim,ativada,azul,352,22
14/11/2022 12:01,831,0,0,8,85,2,66,0,0,Sim,N�o,Sim,ativada,azul,356,74
14/11/2022 12:01,830,0,0,17,74,5,32,0,0,Sim,N�o,Sim,ativada,azul,365,78
14/11/2022 12:01,829,0,0,19,51,5,85,0,0,Sim,N�o,Sim,ativada,azul,375,74
14/11/2022 12:01,828,0,0,12,54,3,76,0,0,Sim,N�o,Sim,ativada,azul,382,13
14/11/2022 12:01,827,0,0,3,23,0,97,0,0,Sim,N�o,Sim,ativada,azul,383,78
14/11/2022 12:01,826,0,0,0,15,0,4,0,0,Sim,N�o,Sim,ativada,azul,383,85
14/11/2022 12:01,825,0,0,6,12,1,84,0,0,Sim,N�o,Sim,ativada,azul,386,98
14/11/2022 12:01,824,0,0,15,66,4,70,0,0,Sim,N�o,Sim,ativada,azul,394,96
14/11/2022 12:01,823,0,0,20,0,6,0,0,0,Sim,N�o,Sim,ativada,azul,405,16
14/11/2022 12:01,822,0,0,15,14,4,54,0,0,Sim,N�o,Sim,ativada,azul,412,88
14/11/2022 12:01,821,0,0,5,56,1,67,0,0,Sim,N�o,Sim,ativada,azul,415,72
14/11/2022 12:01,820,0,0,0,6,0,2,0,0,Sim,N�o,Sim,ativada,azul,415,75
14/11/2022 12:01,819,0,0,3,70,1,11,0,0,Sim,N�o,Sim,ativada,azul,417,64
14/11/2022 12:01,818,0,0,13,13,3,94,0,0,Sim,N�o,Sim,ativada,azul,424,33
14/11/2022 12:01,817,0,0,19,68,5,91,0,0,Sim,N�o,Sim,ativada,azul,434,37
14/11/2022 12:01,816,0,0,17,33,5,20,0,0,Sim,N�o,Sim,ativada,azul,443,21
14/11/2022 12:01,815,0,0,8,24,2,47,0,0,Sim,N�o,Sim,ativada,azul,447,41
14/11/2022 12:01,814,0,0,0,77,0,23,0,0,Sim,N�o,Sim,ativada,azul,447,80
14/11/2022 12:01,813,0,0,1,78,0,53,0,0,Sim,N�o,Sim,ativada,azul,448,71
14/11/2022 12:01,812,0,0,10,35,3,11,0,0,Sim,N�o,Sim,ativada,azul,453,99
14/11/2022 12:01,811,0,0,18,60,5,58,0,0,Sim,N�o,Sim,ativada,azul,463,48
14/11/2022 12:01,810,0,0,18,94,5,68,0,0,Sim,N�o,Sim,ativada,azul,473,14
14/11/2022 12:01,809,0,0,11,6,3,32,0,0,Sim,N�o,Sim,ativada,azul,478,78
14/11/2022 12:01,808,0,0,2,21,0,66,0,0,Sim,N�o,Sim,ativada,azul,479,90
14/11/2022 12:01,807,0,0,0,52,0,16,0,0,Sim,N�o,Sim,ativada,azul,480,17
14/11/2022 12:01,806,0,0,7,55,2,26,0,0,Sim,N�o,Sim,ativada,azul,484,2
14/11/2022 12:01,805,0,0,16,83,5,5,0,0,Sim,N�o,Sim,ativada,azul,492,60
14/11/2022 12:01,804,0,0,19,84,5,95,0,0,Sim,N�o,Sim,ativada,azul,502,72
14/11/2022 12:01,803,0,0,13,80,4,14,0,0,Sim,N�o,Sim,ativada,azul,509,75
14/11/2022 12:01,802,0,0,4,27,1,28,0,0,Sim,N�o,Sim,ativada,azul,511,93
14/11/2022 12:01,801,0,0,0,1,0,0,0,0,Sim,N�o,Sim,ativada,azul,511,93
14/11/2022 12:01,800,0,0,4,94,1,48,0,0,Sim,N�o,Sim,ativada,azul,514,45
14/11/2022 12:01,799,0,0,14,52,4,36,0,0,Sim,N�o,Sim,ativada,azul,521,86
14/11/2022 12:01,798,0,0,19,95,5,98,0,0,Sim,N�o,Sim,ativada,azul,532,3
14/11/2022 12:01,797,0,0,16,23,4,87,0,0,Sim,N�o,Sim,ativada,azul,540,31
14/11/2022 12:01,796,0,0,6,78,2,4,0,0,Sim,N�o,Sim,ativada,azul,543,77
14/11/2022 12:01,795,0,0,0,29,0,9,0,0,Sim,N�o,Sim,ativada,azul,543,92
14/11/2022 12:01,794,0,0,2,73,0,82,0,0,Sim,N�o,Sim,ativada,azul,545,31
14/11/2022 12:01,793,0,0,11,85,3,55,0,0,Sim,N�o,Sim,ativada,azul,551,35
14/11/2022 12:01,792,0,0,19,27,5,78,0,0,Sim,N�o,Sim,ativada,azul,561,18
14/11/2022 12:01,791,0,0,18,17,5,45,0,0,Sim,N�o,Sim,ativada,azul,570,44
14/11/2022 12:01,790,0,0,9,56,2,87,0,0,Sim,N�o,Sim,ativada,azul,575,32
14/11/2022 12:01,789,0,0,1,35,0,41,0,0,Sim,N�o,Sim,ativada,azul,576,1
14/11/2022 12:01,788,0,0,1,10,0,33,0,0,Sim,N�o,Sim,ativada,azul,576,57
14/11/2022 12:01,787,0,0,9,3,2,71,0,0,Sim,N�o,Sim,ativada,azul,581,17
14/11/2022 12:01,786,0,0,17,85,5,35,0,0,Sim,N�o,Sim,ativada,azul,590,28
14/11/2022 12:01,785,0,0,19,45,5,84,0,0,Sim,N�o,Sim,ativada,azul,600,20
14/11/2022 12:01,784,0,0,12,37,3,71,0,0,Sim,N�o,Sim,ativada,azul,606,51
14/11/2022 12:01,783,0,0,3,10,0,93,0,0,Sim,N�o,Sim,ativada,azul,608,9
14/11/2022 12:01,782,0,0,0,18,0,5,0,0,Sim,N�o,Sim,ativada,azul,608,18
14/11/2022 12:01,781,0,0,6,29,1,89,0,0,Sim,N�o,Sim,ativada,azul,611,39
14/11/2022 12:02,780,0,0,15,81,4,74,0,0,Sim,N�o,Sim,ativada,azul,619,45
14/11/2022 12:02,779,0,0,19,99,6,0,0,0,Sim,N�o,Sim,ativada,azul,629,64
14/11/2022 12:02,778,0,0,14,99,4,50,0,0,Sim,N�o,Sim,ativada,azul,637,29
14/11/2022 12:02,777,0,0,5,40,1,62,0,0,Sim,N�o,Sim,ativada,azul,640,4
14/11/2022 12:02,776,0,0,0,4,0,1,0,0,Sim,N�o,Sim,ativada,azul,640,6
14/11/2022 12:02,775,0,0,3,84,1,15,0,0,Sim,N�o,Sim,ativada,azul,642,2
14/11/2022 12:02,774,0,0,13,30,3,99,0,0,Sim,N�o,Sim,ativada,azul,648,80
14/11/2022 12:02,773,0,0,19,73,5,92,0,0,Sim,N�o,Sim,ativada,azul,658,86
14/11/2022 12:02,772,0,0,17,21,5,16,0,0,Sim,N�o,Sim,ativada,azul,667,64
14/11/2022 12:02,771,0,0,8,7,2,42,0,0,Sim,N�o,Sim,ativada,azul,671,75
14/11/2022 12:02,770,0,0,0,70,0,21,0,0,Sim,N�o,Sim,ativada,azul,672,11
14/11/2022 12:02,769,0,0,1,88,0,57,0,0,Sim,N�o,Sim,ativada,azul,673,7
14/11/2022 12:02,768,0,0,10,53,3,16,0,0,Sim,N�o,Sim,ativada,azul,678,44
14/11/2022 12:02,767,0,0,18,69,5,61,0,0,Sim,N�o,Sim,ativada,azul,687,97
14/11/2022 12:02,766,0,0,18,86,5,66,0,0,Sim,N�o,Sim,ativada,azul,697,59
14/11/2022 12:02,765,0,0,10,88,3,27,0,0,Sim,N�o,Sim,ativada,azul,703,14
14/11/2022 12:02,764,0,0,2,10,0,63,0,0,Sim,N�o,Sim,ativada,azul,704,21
14/11/2022 12:02,763,0,0,0,57,0,17,0,0,Sim,N�o,Sim,ativada,azul,704,50
14/11/2022 12:02,762,0,0,7,72,2,32,0,0,Sim,N�o,Sim,ativada,azul,708,44
14/11/2022 12:02,761,0,0,16,96,5,9,0,0,Sim,N�o,Sim,ativada,azul,717,9
14/11/2022 12:02,760,0,0,19,80,5,94,0,0,Sim,N�o,Sim,ativada,azul,727,19
14/11/2022 12:02,759,0,0,13,63,4,9,0,0,Sim,N�o,Sim,ativada,azul,734,14
14/11/2022 12:02,758,0,0,4,12,1,24,0,0,Sim,N�o,Sim,ativada,azul,736,25
14/11/2022 12:02,757,0,0,0,2,0,0,0,0,Sim,N�o,Sim,ativada,azul,736,25
14/11/2022 12:02,756,0,0,5,9,1,53,0,0,Sim,N�o,Sim,ativada,azul,738,85
14/11/2022 12:02,755,0,0,14,68,4,40,0,0,Sim,N�o,Sim,ativada,azul,746,33
14/11/2022 12:02,754,0,0,19,96,5,99,0,0,Sim,N�o,Sim,ativada,azul,756,52
14/11/2022 12:02,753,0,0,16,9,4,83,0,0,Sim,N�o,Sim,ativada,azul,764,72
14/11/2022 12:02,752,0,0,6,62,1,98,0,0,Sim,N�o,Sim,ativada,azul,768,10
14/11/2022 12:02,751,0,0,0,25,0,8,0,0,Sim,N�o,Sim,ativada,azul,768,23
14/11/2022 12:02,750,0,0,2,85,0,86,0,0,Sim,N�o,Sim,ativada,azul,769,68
14/11/2022 12:02,749,0,0,12,2,3,61,0,0,Sim,N�o,Sim,ativada,azul,775,81
14/11/2022 12:02,748,0,0,19,33,5,80,0,0,Sim,N�o,Sim,ativada,azul,785,67
14/11/2022 12:02,747,0,0,18,6,5,42,0,0,Sim,N�o,Sim,ativada,azul,794,88
14/11/2022 12:02,746,0,0,9,38,2,81,0,0,Sim,N�o,Sim,ativada,azul,799,67
14/11/2022 12:02,745,0,0,1,27,0,38,0,0,Sim,N�o,Sim,ativada,azul,800,31
14/11/2022 12:02,744,0,0,1,18,0,35,0,0,Sim,N�o,Sim,ativada,azul,800,92
14/11/2022 12:02,743,0,0,9,20,2,76,0,0,Sim,N�o,Sim,ativada,azul,805,61
14/11/2022 12:02,742,0,0,17,96,5,39,0,0,Sim,N�o,Sim,ativada,azul,814,77
14/11/2022 12:02,741,0,0,19,40,5,82,0,0,Sim,N�o,Sim,ativada,azul,824,66
14/11/2022 12:02,740,0,0,12,19,3,66,0,0,Sim,N�o,Sim,ativada,azul,830,88
14/11/2022 12:02,739,0,0,2,98,0,89,0,0,Sim,N�o,Sim,ativada,azul,832,40
14/11/2022 12:02,738,0,0,0,22,0,6,0,0,Sim,N�o,Sim,ativada,azul,832,51
14/11/2022 12:02,737,0,0,6,45,1,94,0,0,Sim,N�o,Sim,ativada,azul,835,80
14/11/2022 12:02,736,0,0,15,95,4,78,0,0,Sim,N�o,Sim,ativada,azul,843,93
14/11/2022 12:02,735,0,0,19,98,5,99,0,0,Sim,N�o,Sim,ativada,azul,854,12
14/11/2022 12:02,734,0,0,14,83,4,45,0,0,Sim,N�o,Sim,ativada,azul,861,69
14/11/2022 12:02,733,0,0,5,24,1,57,0,0,Sim,N�o,Sim,ativada,azul,864,36
14/11/2022 12:02,732,0,0,0,3,0,1,0,0,Sim,N�o,Sim,ativada,azul,864,38
14/11/2022 12:02,731,0,0,3,98,1,19,0,0,Sim,N�o,Sim,ativada,azul,866,41
14/11/2022 12:02,730,0,0,13,47,4,4,0,0,Sim,N�o,Sim,ativada,azul,873,27
14/11/2022 12:02,729,0,0,19,77,5,93,0,0,Sim,N�o,Sim,ativada,azul,883,35
14/11/2022 12:02,728,0,0,17,9,5,13,0,0,Sim,N�o,Sim,ativada,azul,892,7
14/11/2022 12:02,727,0,0,7,89,2,37,0,0,Sim,N�o,Sim,ativada,azul,896,9
14/11/2022 12:02,726,0,0,0,64,0,19,0,0,Sim,N�o,Sim,ativada,azul,896,42
14/11/2022 12:02,725,0,0,1,99,0,60,0,0,Sim,N�o,Sim,ativada,azul,897,43
14/11/2022 12:02,724,0,0,10,71,3,21,0,0,Sim,N�o,Sim,ativada,azul,902,89
14/11/2022 12:02,723,0,0,18,78,5,63,0,0,Sim,N�o,Sim,ativada,azul,912,47
14/11/2022 12:02,722,0,0,18,78,5,63,0,0,Sim,N�o,Sim,ativada,azul,922,4
14/11/2022 12:02,721,0,0,10,71,3,21,0,0,Sim,N�o,Sim,ativada,azul,927,50
14/11/2022 12:03,720,0,0,1,99,0,60,0,0,Sim,N�o,Sim,ativada,azul,928,52
14/11/2022 12:03,719,0,0,0,64,0,19,0,0,Sim,N�o,Sim,ativada,azul,928,84
14/11/2022 12:03,718,0,0,7,89,2,37,0,0,Sim,N�o,Sim,ativada,azul,932,87
14/11/2022 12:03,717,0,0,17,9,5,13,0,0,Sim,N�o,Sim,ativada,azul,941,58
14/11/2022 12:03,716,0,0,19,77,5,93,0,0,Sim,N�o,Sim,ativada,azul,951,66
14/11/2022 12:03,715,0,0,13,47,4,4,0,0,Sim,N�o,Sim,ativada,azul,958,53
14/11/2022 12:03,714,0,0,3,98,1,19,0,0,Sim,N�o,Sim,ativada,azul,960,56
14/11/2022 12:03,713,0,0,0,3,0,1,0,0,Sim,N�o,Sim,ativada,azul,960,57
14/11/2022 12:03,712,0,0,5,24,1,57,0,0,Sim,N�o,Sim,ativada,azul,963,25
14/11/2022 12:03,711,0,0,14,83,4,45,0,0,Sim,N�o,Sim,ativada,azul,970,81
14/11/2022 12:03,710,0,0,19,98,5,99,0,0,Sim,N�o,Sim,ativada,azul,981,0
14/11/2022 12:03,709,0,0,15,95,4,78,0,0,Sim,N�o,Sim,ativada,azul,989,14
14/11/2022 12:03,708,0,0,6,45,1,94,0,0,Sim,N�o,Sim,ativada,azul,992,43
14/11/2022 12:03,707,0,0,0,22,0,6,0,0,Sim,N�o,Sim,ativada,azul,992,54
14/11/2022 12:03,706,0,0,2,98,0,89,0,0,Sim,N�o,Sim,ativada,azul,994,5
14/11/2022 12:03,705,0,0,12,19,3,66,0,0,Sim,N�o,Sim,ativada,azul,1000,27
14/11/2022 12:03,704,0,0,19,40,5,82,0,0,Sim,N�o,Sim,ativada,azul,1010,16
14/11/2022 12:03,703,0,0,17,96,5,39,0,0,Sim,N�o,Sim,ativada,azul,1019,32
14/11/2022 12:03,702,0,0,9,20,2,76,0,0,Sim,N�o,Sim,ativada,azul,1024,2
14/11/2022 12:03,701,0,0,1,18,0,35,0,0,Sim,N�o,Sim,ativada,azul,1024,62
14/11/2022 12:03,700,0,0,1,27,0,38,0,0,Sim,N�o,Sim,ativada,azul,1025,27
14/11/2022 12:03,699,0,0,9,38,2,81,0,0,Sim,N�o,Sim,ativada,azul,1030,5
14/11/2022 12:03,698,0,0,18,6,5,42,0,0,Sim,N�o,Sim,ativada,azul,1039,26
14/11/2022 12:03,697,0,0,19,33,5,80,0,0,Sim,N�o,Sim,ativada,azul,1049,12
14/11/2022 12:03,696,0,0,12,2,3,61,0,0,Sim,N�o,Sim,ativada,azul,1055,25
14/11/2022 12:03,695,0,0,2,85,0,86,0,0,Sim,N�o,Sim,ativada,azul,1056,71
14/11/2022 12:03,694,0,0,0,25,0,8,0,0,Sim,N�o,Sim,ativada,azul,1056,84
14/11/2022 12:03,693,0,0,6,62,1,99,0,0,Sim,N�o,Sim,ativada,azul,1060,21
14/11/2022 12:03,692,0,0,16,9,4,83,0,0,Sim,N�o,Sim,ativada,azul,1068,42
14/11/2022 12:03,691,0,0,19,96,5,99,0,0,Sim,N�o,Sim,ativada,azul,1078,60
14/11/2022 12:03,690,0,0,14,68,4,40,0,0,Sim,N�o,Sim,ativada,azul,1086,9
14/11/2022 12:03,689,0,0,5,9,1,53,0,0,Sim,N�o,Sim,ativada,azul,1088,68
14/11/2022 12:03,688,0,0,0,2,0,0,0,0,Sim,N�o,Sim,ativada,azul,1088,69
14/11/2022 12:03,687,0,0,4,12,1,24,0,0,Sim,N�o,Sim,ativada,azul,1090,79
14/11/2022 12:03,686,0,0,13,63,4,9,0,0,Sim,N�o,Sim,ativada,azul,1097,74
14/11/2022 12:03,685,0,0,19,80,5,94,0,0,Sim,N�o,Sim,ativada,azul,1107,84
14/11/2022 12:03,684,0,0,16,96,5,9,0,0,Sim,N�o,Sim,ativada,azul,1116,49
14/11/2022 12:03,683,0,0,7,72,2,32,0,0,Sim,N�o,Sim,ativada,azul,1120,43
14/11/2022 12:03,682,0,0,0,57,0,17,0,0,Sim,N�o,Sim,ativada,azul,1120,72
14/11/2022 12:03,681,0,0,2,10,0,63,0,0,Sim,N�o,Sim,ativada,azul,1121,79
14/11/2022 12:03,680,0,0,10,88,3,27,0,0,Sim,N�o,Sim,ativada,azul,1127,34
14/11/2022 12:03,679,0,0,18,86,5,66,0,0,Sim,N�o,Sim,ativada,azul,1136,96
14/11/2022 12:03,678,0,0,18,69,5,61,0,0,Sim,N�o,Sim,ativada,azul,1146,49
14/11/2022 12:03,677,0,0,10,53,3,16,0,0,Sim,N�o,Sim,ativada,azul,1151,86
14/11/2022 12:03,676,0,0,1,88,0,57,0,0,Sim,N�o,Sim,ativada,azul,1152,82
14/11/2022 12:03,675,0,0,0,70,0,21,0,0,Sim,N�o,Sim,ativada,azul,1153,18
14/11/2022 12:03,674,0,0,8,7,2,42,0,0,Sim,N�o,Sim,ativada,azul,1157,29
14/11/2022 12:03,673,0,0,17,21,5,16,0,0,Sim,N�o,Sim,ativada,azul,1166,7
14/11/2022 12:03,672,0,0,19,73,5,92,0,0,Sim,N�o,Sim,ativada,azul,1176,13
14/11/2022 12:03,671,0,0,13,30,3,99,0,0,Sim,N�o,Sim,ativada,azul,1182,92
14/11/2022 12:03,670,0,0,3,84,1,15,0,0,Sim,N�o,Sim,ativada,azul,1184,87
14/11/2022 12:03,669,0,0,0,4,0,1,0,0,Sim,N�o,Sim,ativada,azul,1184,90
14/11/2022 12:03,668,0,0,5,40,1,62,0,0,Sim,N�o,Sim,ativada,azul,1187,65
14/11/2022 12:03,667,0,0,14,99,4,50,0,0,Sim,N�o,Sim,ativada,azul,1195,29
14/11/2022 12:03,666,0,0,19,99,6,0,0,0,Sim,N�o,Sim,ativada,azul,1205,49
14/11/2022 12:03,665,0,0,15,81,4,74,0,0,Sim,N�o,Sim,ativada,azul,1213,55
14/11/2022 12:03,664,0,0,6,29,1,89,0,0,Sim,N�o,Sim,ativada,azul,1216,75
14/11/2022 12:03,663,0,0,0,18,0,5,0,0,Sim,N�o,Sim,ativada,azul,1216,85
14/11/2022 12:03,662,0,0,3,10,0,93,0,0,Sim,N�o,Sim,ativada,azul,1218,43
14/11/2022 12:03,661,0,0,12,37,3,71,0,0,Sim,N�o,Sim,ativada,azul,1224,74
14/11/2022 12:04,660,0,0,19,45,5,84,0,0,Sim,N�o,Sim,ativada,azul,1234,66
14/11/2022 12:04,659,0,0,17,85,5,35,0,0,Sim,N�o,Sim,ativada,azul,1243,76
14/11/2022 12:04,658,0,0,9,3,2,71,0,0,Sim,N�o,Sim,ativada,azul,1248,37
14/11/2022 12:04,657,0,0,1,10,0,33,0,0,Sim,N�o,Sim,ativada,azul,1248,93
14/11/2022 12:04,656,0,0,1,35,0,41,0,0,Sim,N�o,Sim,ativada,azul,1249,62
14/11/2022 12:04,655,0,0,9,56,2,87,0,0,Sim,N�o,Sim,ativada,azul,1254,49
14/11/2022 12:04,654,0,0,18,17,5,45,0,0,Sim,N�o,Sim,ativada,azul,1263,76
14/11/2022 12:04,653,0,0,19,27,5,78,0,0,Sim,N�o,Sim,ativada,azul,1273,58
14/11/2022 12:04,652,0,0,11,85,3,55,0,0,Sim,N�o,Sim,ativada,azul,1279,63
14/11/2022 12:04,651,0,0,2,73,0,82,0,0,Sim,N�o,Sim,ativada,azul,1281,2
14/11/2022 12:04,650,0,0,0,29,0,9,0,0,Sim,N�o,Sim,ativada,azul,1281,17
14/11/2022 12:04,649,0,0,6,78,2,4,0,0,Sim,N�o,Sim,ativada,azul,1284,63
14/11/2022 12:04,648,0,0,16,23,4,87,0,0,Sim,N�o,Sim,ativada,azul,1292,91
14/11/2022 12:04,647,0,0,19,95,5,98,0,0,Sim,N�o,Sim,ativada,azul,1303,8
14/11/2022 12:04,646,0,0,14,52,4,36,0,0,Sim,N�o,Sim,ativada,azul,1310,48
14/11/2022 12:04,645,0,0,4,94,1,48,0,0,Sim,N�o,Sim,ativada,azul,1313,0
14/11/2022 12:04,644,0,0,0,1,0,0,0,0,Sim,N�o,Sim,ativada,azul,1313,1
14/11/2022 12:04,643,0,0,4,27,1,28,0,0,Sim,N�o,Sim,ativada,azul,1315,18
14/11/2022 12:04,642,0,0,13,80,4,14,0,0,Sim,N�o,Sim,ativada,azul,1322,22
14/11/2022 12:04,641,0,0,19,84,5,95,0,0,Sim,N�o,Sim,ativada,azul,1332,33
14/11/2022 12:04,640,0,0,16,83,5,5,0,0,Sim,N�o,Sim,ativada,azul,1340,92
14/11/2022 12:04,639,0,0,7,55,2,26,0,0,Sim,N�o,Sim,ativada,azul,1344,77
14/11/2022 12:04,638,0,0,0,52,0,16,0,0,Sim,N�o,Sim,ativada,azul,1345,3
14/11/2022 12:04,637,0,0,2,21,0,66,0,0,Sim,N�o,Sim,ativada,azul,1346,16
14/11/2022 12:04,636,0,0,11,6,3,32,0,0,Sim,N�o,Sim,ativada,azul,1351,80
14/11/2022 12:04,635,0,0,18,94,5,68,0,0,Sim,N�o,Sim,ativada,azul,1361,46
14/11/2022 12:04,634,0,0,18,60,5,58,0,0,Sim,N�o,Sim,ativada,azul,1370,94
14/11/2022 12:04,633,0,0,10,35,3,11,0,0,Sim,N�o,Sim,ativada,azul,1376,22
14/11/2022 12:04,632,0,0,1,78,0,53,0,0,Sim,N�o,Sim,ativada,azul,1377,13
14/11/2022 12:04,631,0,0,0,77,0,23,0,0,Sim,N�o,Sim,ativada,azul,1377,52
14/11/2022 12:04,630,0,0,8,24,2,47,0,0,Sim,N�o,Sim,ativada,azul,1381,72
14/11/2022 12:04,629,0,0,17,33,5,20,0,0,Sim,N�o,Sim,ativada,azul,1390,56
14/11/2022 12:04,628,0,0,19,68,5,91,0,0,Sim,N�o,Sim,ativada,azul,1400,60
14/11/2022 12:04,627,0,0,13,13,3,94,0,0,Sim,N�o,Sim,ativada,azul,1407,30
14/11/2022 12:04,626,0,0,3,70,1,11,0,0,Sim,N�o,Sim,ativada,azul,1409,19
14/11/2022 12:04,625,0,0,0,6,0,2,0,0,Sim,N�o,Sim,ativada,azul,1409,22
14/11/2022 12:04,624,0,0,5,56,1,67,0,0,Sim,N�o,Sim,ativada,azul,1412,5
14/11/2022 12:04,623,0,0,15,14,4,54,0,0,Sim,N�o,Sim,ativada,azul,1419,77
14/11/2022 12:04,622,0,0,20,0,6,0,0,0,Sim,N�o,Sim,ativada,azul,1429,97
14/11/2022 12:04,621,0,0,15,66,4,70,0,0,Sim,N�o,Sim,ativada,azul,1437,96
14/11/2022 12:04,620,0,0,6,12,1,84,0,0,Sim,N�o,Sim,ativada,azul,1441,8
14/11/2022 12:04,619,0,0,0,15,0,4,0,0,Sim,N�o,Sim,ativada,azul,1441,16
14/11/2022 12:04,618,0,0,3,23,0,97,0,0,Sim,N�o,Sim,ativada,azul,1442,81
14/11/2022 12:04,617,0,0,12,54,3,76,0,0,Sim,N�o,Sim,ativada,azul,1449,20
14/11/2022 12:04,616,0,0,19,51,5,85,0,0,Sim,N�o,Sim,ativada,azul,1459,15
14/11/2022 12:04,615,0,0,17,74,5,32,0,0,Sim,N�o,Sim,ativada,azul,1468,20
14/11/2022 12:04,614,0,0,8,85,2,66,0,0,Sim,N�o,Sim,ativada,azul,1472,71
14/11/2022 12:04,613,0,0,1,2,0,31,0,0,Sim,N�o,Sim,ativada,azul,1473,23
14/11/2022 12:04,612,0,0,1,44,0,43,0,0,Sim,N�o,Sim,ativada,azul,1473,97
14/11/2022 12:04,611,0,0,9,73,2,92,0,0,Sim,N�o,Sim,ativada,azul,1478,93
14/11/2022 12:04,610,0,0,18,27,5,48,0,0,Sim,N�o,Sim,ativada,azul,1488,25
14/11/2022 12:04,609,0,0,19,20,5,76,0,0,Sim,N�o,Sim,ativada,azul,1498,4
14/11/2022 12:04,608,0,0,11,67,3,50,0,0,Sim,N�o,Sim,ativada,azul,1504,0
14/11/2022 12:04,607,0,0,2,61,0,78,0,0,Sim,N�o,Sim,ativada,azul,1505,33
14/11/2022 12:04,606,0,0,0,34,0,10,0,0,Sim,N�o,Sim,ativada,azul,1505,50
14/11/2022 12:04,605,0,0,6,95,2,9,0,0,Sim,N�o,Sim,ativada,azul,1509,4
14/11/2022 12:04,604,0,0,16,37,4,91,0,0,Sim,N�o,Sim,ativada,azul,1517,39
14/11/2022 12:04,603,0,0,19,93,5,98,0,0,Sim,N�o,Sim,ativada,azul,1527,56
14/11/2022 12:04,602,0,0,14,36,4,31,0,0,Sim,N�o,Sim,ativada,azul,1534,88
14/11/2022 12:04,601,0,0,4,78,1,44,0,0,Sim,N�o,Sim,ativada,azul,1537,32
14/11/2022 12:05,600,0,0,0,0,0,0,0,0,Sim,N�o,Sim,ativada,azul,1537,32
14/11/2022 12:05,599,0,0,4,41,1,32,0,0,Sim,N�o,Sim,ativada,azul,1539,57
14/11/2022 12:05,598,0,0,13,96,4,19,0,0,Sim,N�o,Sim,ativada,azul,1546,69
14/11/2022 12:05,597,0,0,19,87,5,96,0,0,Sim,N�o,Sim,ativada,azul,1556,82
14/11/2022 12:05,596,0,0,16,70,5,1,0,0,Sim,N�o,Sim,ativada,azul,1565,34
14/11/2022 12:05,595,0,0,7,38,2,21,0,0,Sim,N�o,Sim,ativada,azul,1569,10
14/11/2022 12:05,594,0,0,0,46,0,14,0,0,Sim,N�o,Sim,ativada,azul,1569,34
14/11/2022 12:05,593,0,0,2,32,0,70,0,0,Sim,N�o,Sim,ativada,azul,1570,52
14/11/2022 12:05,592,0,0,11,24,3,37,0,0,Sim,N�o,Sim,ativada,azul,1576,25
14/11/2022 12:05,591,0,0,19,2,5,71,0,0,Sim,N�o,Sim,ativada,azul,1585,95
14/11/2022 12:05,590,0,0,18,51,5,55,0,0,Sim,N�o,Sim,ativada,azul,1595,39
14/11/2022 12:05,589,0,0,10,18,3,5,0,0,Sim,N�o,Sim,ativada,azul,1600,58
14/11/2022 12:05,588,0,0,1,68,0,50,0,0,Sim,N�o,Sim,ativada,azul,1601,44
14/11/2022 12:05,587,0,0,0,83,0,25,0,0,Sim,N�o,Sim,ativada,azul,1601,86
14/11/2022 12:05,586,0,0,8,41,2,52,0,0,Sim,N�o,Sim,ativada,azul,1606,15
14/11/2022 12:05,585,0,0,17,45,5,24,0,0,Sim,N�o,Sim,ativada,azul,1615,5
14/11/2022 12:05,584,0,0,19,64,5,89,0,0,Sim,N�o,Sim,ativada,azul,1625,7
14/11/2022 12:05,583,0,0,12,96,3,89,0,0,Sim,N�o,Sim,ativada,azul,1631,68
14/11/2022 12:05,582,0,0,3,56,1,7,0,0,Sim,N�o,Sim,ativada,azul,1633,50
14/11/2022 12:05,581,0,0,0,8,0,2,0,0,Sim,N�o,Sim,ativada,azul,1633,54
14/11/2022 12:05,580,0,0,5,72,1,72,0,0,Sim,N�o,Sim,ativada,azul,1636,46
14/11/2022 12:05,579,0,0,15,29,4,59,0,0,Sim,N�o,Sim,ativada,azul,1644,26
14/11/2022 12:05,578,0,0,20,0,6,0,0,0,Sim,N�o,Sim,ativada,azul,1654,46
14/11/2022 12:05,577,0,0,15,51,4,65,0,0,Sim,N�o,Sim,ativada,azul,1662,37
14/11/2022 12:05,576,0,0,5,96,1,79,0,0,Sim,N�o,Sim,ativada,azul,1665,41
14/11/2022 12:05,575,0,0,0,12,0,4,0,0,Sim,N�o,Sim,ativada,azul,1665,47
14/11/2022 12:05,574,0,0,3,36,1,1,0,0,Sim,N�o,Sim,ativada,azul,1667,18
14/11/2022 12:05,573,0,0,12,71,3,81,0,0,Sim,N�o,Sim,ativada,azul,1673,67
14/11/2022 12:05,572,0,0,19,56,5,87,0,0,Sim,N�o,Sim,ativada,azul,1683,64
14/11/2022 12:05,571,0,0,17,63,5,29,0,0,Sim,N�o,Sim,ativada,azul,1692,63
14/11/2022 12:05,570,0,0,8,68,2,60,0,0,Sim,N�o,Sim,ativada,azul,1697,6
14/11/2022 12:05,569,0,0,0,94,0,28,0,0,Sim,N�o,Sim,ativada,azul,1697,54
14/11/2022 12:05,568,0,0,1,54,0,46,0,0,Sim,N�o,Sim,ativada,azul,1698,32
14/11/2022 12:05,567,0,0,9,91,2,97,0,0,Sim,N�o,Sim,ativada,azul,1703,38
14/11/2022 12:05,566,0,0,18,37,5,51,0,0,Sim,N�o,Sim,ativada,azul,1712,74
14/11/2022 12:05,565,0,0,19,13,5,74,0,0,Sim,N�o,Sim,ativada,azul,1722,50
14/11/2022 12:05,564,0,0,11,50,3,45,0,0,Sim,N�o,Sim,ativada,azul,1728,36
14/11/2022 12:05,563,0,0,2,49,0,75,0,0,Sim,N�o,Sim,ativada,azul,1729,63
14/11/2022 12:05,562,0,0,0,39,0,12,0,0,Sim,N�o,Sim,ativada,azul,1729,83
14/11/2022 12:05,561,0,0,7,12,2,14,0,0,Sim,N�o,Sim,ativada,azul,1733,46
14/11/2022 12:05,560,0,0,16,50,4,95,0,0,Sim,N�o,Sim,ativada,azul,1741,88
14/11/2022 12:05,559,0,0,19,91,5,97,0,0,Sim,N�o,Sim,ativada,azul,1752,3
14/11/2022 12:05,558,0,0,14,20,4,26,0,0,Sim,N�o,Sim,ativada,azul,1759,27
14/11/2022 12:05,557,0,0,4,63,1,39,0,0,Sim,N�o,Sim,ativada,azul,1761,64
14/11/2022 12:05,556,0,0,0,0,0,0,0,0,Sim,N�o,Sim,ativada,azul,1761,64
14/11/2022 12:05,555,0,0,4,56,1,37,0,0,Sim,N�o,Sim,ativada,azul,1763,96
14/11/2022 12:05,554,0,0,14,12,4,24,0,0,Sim,N�o,Sim,ativada,azul,1771,17
14/11/2022 12:05,553,0,0,19,89,5,97,0,0,Sim,N�o,Sim,ativada,azul,1781,31
14/11/2022 12:05,552,0,0,16,57,4,97,0,0,Sim,N�o,Sim,ativada,azul,1789,76
14/11/2022 12:05,551,0,0,7,21,2,16,0,0,Sim,N�o,Sim,ativada,azul,1793,44
14/11/2022 12:05,550,0,0,0,41,0,12,0,0,Sim,N�o,Sim,ativada,azul,1793,65
14/11/2022 12:05,549,0,0,2,43,0,73,0,0,Sim,N�o,Sim,ativada,azul,1794,89
14/11/2022 12:05,548,0,0,11,41,3,42,0,0,Sim,N�o,Sim,ativada,azul,1800,71
14/11/2022 12:05,547,0,0,19,9,5,73,0,0,Sim,N�o,Sim,ativada,azul,1810,44
14/11/2022 12:05,546,0,0,18,41,5,52,0,0,Sim,N�o,Sim,ativada,azul,1819,84
14/11/2022 12:05,545,0,0,10,0,3,0,0,0,Sim,N�o,Sim,ativada,azul,1824,94
14/11/2022 12:05,544,0,0,1,59,0,48,0,0,Sim,N�o,Sim,ativada,azul,1825,74
14/11/2022 12:05,543,0,0,0,91,0,27,0,0,Sim,N�o,Sim,ativada,azul,1826,21
14/11/2022 12:05,542,0,0,8,59,2,58,0,0,Sim,N�o,Sim,ativada,azul,1830,59
14/11/2022 12:05,541,0,0,17,57,5,27,0,0,Sim,N�o,Sim,ativada,azul,1839,55
14/11/2022 12:06,540,0,0,19,59,5,88,0,0,Sim,N�o,Sim,ativada,azul,1849,54
14/11/2022 12:06,539,0,0,12,79,3,84,0,0,Sim,N�o,Sim,ativada,azul,1856,6
14/11/2022 12:06,538,0,0,3,43,1,3,0,0,Sim,N�o,Sim,ativada,azul,1857,81
14/11/2022 12:06,537,0,0,0,11,0,3,0,0,Sim,N�o,Sim,ativada,azul,1857,87
14/11/2022 12:06,536,0,0,5,88,1,76,0,0,Sim,N�o,Sim,ativada,azul,1860,86
14/11/2022 12:06,535,0,0,15,44,4,63,0,0,Sim,N�o,Sim,ativada,azul,1868,74
14/11/2022 12:06,534,0,0,20,0,6,0,0,0,Sim,N�o,Sim,ativada,azul,1878,94
14/11/2022 12:06,533,0,0,15,37,4,61,0,0,Sim,N�o,Sim,ativada,azul,1886,77
14/11/2022 12:06,532,0,0,5,80,1,74,0,0,Sim,N�o,Sim,ativada,azul,1889,73
14/11/2022 12:06,531,0,0,0,9,0,3,0,0,Sim,N�o,Sim,ativada,azul,1889,78
14/11/2022 12:06,530,0,0,3,50,1,5,0,0,Sim,N�o,Sim,ativada,azul,1891,56
14/11/2022 12:06,529,0,0,12,88,3,86,0,0,Sim,N�o,Sim,ativada,azul,1898,13
14/11/2022 12:06,528,0,0,19,61,5,88,0,0,Sim,N�o,Sim,ativada,azul,1908,14
14/11/2022 12:06,527,0,0,17,51,5,25,0,0,Sim,N�o,Sim,ativada,azul,1917,7
14/11/2022 12:06,526,0,0,8,50,2,55,0,0,Sim,N�o,Sim,ativada,azul,1921,40
14/11/2022 12:06,525,0,0,0,87,0,26,0,0,Sim,N�o,Sim,ativada,azul,1921,84
14/11/2022 12:06,524,0,0,1,63,0,49,0,0,Sim,N�o,Sim,ativada,azul,1922,68
14/11/2022 12:06,523,0,0,10,9,3,3,0,0,Sim,N�o,Sim,ativada,azul,1927,82
14/11/2022 12:06,522,0,0,18,46,5,54,0,0,Sim,N�o,Sim,ativada,azul,1937,24
14/11/2022 12:06,521,0,0,19,6,5,72,0,0,Sim,N�o,Sim,ativada,azul,1946,96
14/11/2022 12:06,520,0,0,11,32,3,40,0,0,Sim,N�o,Sim,ativada,azul,1952,73
14/11/2022 12:06,519,0,0,2,37,0,71,0,0,Sim,N�o,Sim,ativada,azul,1953,94
14/11/2022 12:06,518,0,0,0,44,0,13,0,0,Sim,N�o,Sim,ativada,azul,1954,17
14/11/2022 12:06,517,0,0,7,29,2,19,0,0,Sim,N�o,Sim,ativada,azul,1957,88
14/11/2022 12:06,516,0,0,16,64,4,99,0,0,Sim,N�o,Sim,ativada,azul,1966,37
14/11/2022 12:06,515,0,0,19,88,5,96,0,0,Sim,N�o,Sim,ativada,azul,1976,51
14/11/2022 12:06,514,0,0,14,4,4,21,0,0,Sim,N�o,Sim,ativada,azul,1983,67
14/11/2022 12:06,513,0,0,4,49,1,35,0,0,Sim,N�o,Sim,ativada,azul,1985,96
14/11/2022 12:06,512,0,0,0,0,0,0,0,0,Sim,N�o,Sim,ativada,azul,1985,96
14/11/2022 12:06,511,0,0,4,71,1,41,0,0,Sim,N�o,Sim,ativada,azul,1988,36
14/11/2022 12:06,510,0,0,14,28,4,28,0,0,Sim,N�o,Sim,ativada,azul,1995,64
14/11/2022 12:06,509,0,0,19,92,5,98,0,0,Sim,N�o,Sim,ativada,azul,2005,80
14/11/2022 12:06,508,0,0,16,44,4,93,0,0,Sim,N�o,Sim,ativada,azul,2014,18
14/11/2022 12:06,507,0,0,7,4,2,11,0,0,Sim,N�o,Sim,ativada,azul,2017,77
14/11/2022 12:06,506,0,0,0,36,0,11,0,0,Sim,N�o,Sim,ativada,azul,2017,95
14/11/2022 12:06,505,0,0,2,55,0,76,0,0,Sim,N�o,Sim,ativada,azul,2019,25
14/11/2022 12:06,504,0,0,11,59,3,48,0,0,Sim,N�o,Sim,ativada,azul,2025,16
14/11/2022 12:06,503,0,0,19,17,5,75,0,0,Sim,N�o,Sim,ativada,azul,2034,94
14/11/2022 12:06,502,0,0,18,32,5,50,0,0,Sim,N�o,Sim,ativada,azul,2044,28
14/11/2022 12:06,501,0,0,9,82,2,95,0,0,Sim,N�o,Sim,ativada,azul,2049,29
14/11/2022 12:06,500,0,0,1,49,0,45,0,0,Sim,N�o,Sim,ativada,azul,2050,5
14/11/2022 12:06,499,0,0,0,98,0,29,0,0,Sim,N�o,Sim,ativada,azul,2050,55
14/11/2022 12:06,498,0,0,8,76,2,63,0,0,Sim,N�o,Sim,ativada,azul,2055,2
14/11/2022 12:06,497,0,0,17,68,5,30,0,0,Sim,N�o,Sim,ativada,azul,2064,4
14/11/2022 12:06,496,0,0,19,54,5,86,0,0,Sim,N�o,Sim,ativada,azul,2074,0
14/11/2022 12:06,495,0,0,12,62,3,79,0,0,Sim,N�o,Sim,ativada,azul,2080,44
14/11/2022 12:06,494,0,0,3,30,0,99,0,0,Sim,N�o,Sim,ativada,azul,2082,12
14/11/2022 12:06,493,0,0,0,13,0,4,0,0,Sim,N�o,Sim,ativada,azul,2082,19
14/11/2022 12:06,492,0,0,6,4,1,81,0,0,Sim,N�o,Sim,ativada,azul,2085,27
14/11/2022 12:06,491,0,0,15,59,4,68,0,0,Sim,N�o,Sim,ativada,azul,2093,22
14/11/2022 12:06,490,0,0,20,0,6,0,0,0,Sim,N�o,Sim,ativada,azul,2103,42
14/11/2022 12:06,489,0,0,15,22,4,56,0,0,Sim,N�o,Sim,ativada,azul,2111,18
14/11/2022 12:06,488,0,0,5,64,1,69,0,0,Sim,N�o,Sim,ativada,azul,2114,6
14/11/2022 12:06,487,0,0,0,7,0,2,0,0,Sim,N�o,Sim,ativada,azul,2114,9
14/11/2022 12:06,486,0,0,3,63,1,9,0,0,Sim,N�o,Sim,ativada,azul,2115,94
14/11/2022 12:06,485,0,0,13,5,3,91,0,0,Sim,N�o,Sim,ativada,azul,2122,60
14/11/2022 12:06,484,0,0,19,66,5,90,0,0,Sim,N�o,Sim,ativada,azul,2132,63
14/11/2022 12:06,483,0,0,17,39,5,22,0,0,Sim,N�o,Sim,ativada,azul,2141,50
14/11/2022 12:06,482,0,0,8,33,2,50,0,0,Sim,N�o,Sim,ativada,azul,2145,74
14/11/2022 12:06,481,0,0,0,80,0,24,0,0,Sim,N�o,Sim,ativada,azul,2146,15
14/11/2022 12:07,480,0,0,1,73,0,52,0,0,Sim,N�o,Sim,ativada,azul,2147,3
14/11/2022 12:07,479,0,0,10,27,3,8,0,0,Sim,N�o,Sim,ativada,azul,2152,27
14/11/2022 12:07,478,0,0,18,56,5,57,0,0,Sim,N�o,Sim,ativada,azul,2161,73
14/11/2022 12:07,477,0,0,18,98,5,69,0,0,Sim,N�o,Sim,ativada,azul,2171,41
14/11/2022 12:07,476,0,0,11,15,3,34,0,0,Sim,N�o,Sim,ativada,azul,2177,10
14/11/2022 12:07,475,0,0,2,26,0,68,0,0,Sim,N�o,Sim,ativada,azul,2178,25
14/11/2022 12:07,474,0,0,0,49,0,15,0,0,Sim,N�o,Sim,ativada,azul,2178,50
14/11/2022 12:07,473,0,0,7,46,2,24,0,0,Sim,N�o,Sim,ativada,azul,2182,31
14/11/2022 12:07,472,0,0,16,77,5,3,0,0,Sim,N�o,Sim,ativada,azul,2190,86
14/11/2022 12:07,471,0,0,19,85,5,96,0,0,Sim,N�o,Sim,ativada,azul,2200,98
14/11/2022 12:07,470,0,0,13,88,4,16,0,0,Sim,N�o,Sim,ativada,azul,2208,6
14/11/2022 12:07,469,0,0,4,34,1,30,0,0,Sim,N�o,Sim,ativada,azul,2210,27
14/11/2022 12:07,468,0,0,0,0,0,0,0,0,Sim,N�o,Sim,ativada,azul,2210,27
14/11/2022 12:07,467,0,0,4,86,1,46,0,0,Sim,N�o,Sim,ativada,azul,2212,75
14/11/2022 12:07,466,0,0,14,44,4,33,0,0,Sim,N�o,Sim,ativada,azul,2220,12
14/11/2022 12:07,465,0,0,19,94,5,98,0,0,Sim,N�o,Sim,ativada,azul,2230,29
14/11/2022 12:07,464,0,0,16,30,4,89,0,0,Sim,N�o,Sim,ativada,azul,2238,60
14/11/2022 12:07,463,0,0,6,87,2,6,0,0,Sim,N�o,Sim,ativada,azul,2242,10
14/11/2022 12:07,462,0,0,0,32,0,9,0,0,Sim,N�o,Sim,ativada,azul,2242,26
14/11/2022 12:07,461,0,0,2,67,0,80,0,0,Sim,N�o,Sim,ativada,azul,2243,62
14/11/2022 12:07,460,0,0,11,76,3,53,0,0,Sim,N�o,Sim,ativada,azul,2249,62
14/11/2022 12:07,459,0,0,19,23,5,77,0,0,Sim,N�o,Sim,ativada,azul,2259,43
14/11/2022 12:07,458,0,0,18,22,5,47,0,0,Sim,N�o,Sim,ativada,azul,2268,72
14/11/2022 12:07,457,0,0,9,65,2,89,0,0,Sim,N�o,Sim,ativada,azul,2273,64
14/11/2022 12:07,456,0,0,1,40,0,42,0,0,Sim,N�o,Sim,ativada,azul,2274,36
14/11/2022 12:07,455,0,0,1,6,0,32,0,0,Sim,N�o,Sim,ativada,azul,2274,90
14/11/2022 12:07,454,0,0,8,94,2,68,0,0,Sim,N�o,Sim,ativada,azul,2279,46
14/11/2022 12:07,453,0,0,17,79,5,34,0,0,Sim,N�o,Sim,ativada,azul,2288,53
14/11/2022 12:07,452,0,0,19,48,5,84,0,0,Sim,N�o,Sim,ativada,azul,2298,47
14/11/2022 12:07,451,0,0,12,45,3,74,0,0,Sim,N�o,Sim,ativada,azul,2304,82
14/11/2022 12:07,450,0,0,3,17,0,95,0,0,Sim,N�o,Sim,ativada,azul,2306,43
14/11/2022 12:07,449,0,0,0,16,0,5,0,0,Sim,N�o,Sim,ativada,azul,2306,52
14/11/2022 12:07,448,0,0,6,20,1,86,0,0,Sim,N�o,Sim,ativada,azul,2309,68
14/11/2022 12:07,447,0,0,15,73,4,72,0,0,Sim,N�o,Sim,ativada,azul,2317,71
14/11/2022 12:07,446,0,0,19,99,6,0,0,0,Sim,N�o,Sim,ativada,azul,2327,90
14/11/2022 12:07,445,0,0,15,6,4,52,0,0,Sim,N�o,Sim,ativada,azul,2335,58
14/11/2022 12:07,444,0,0,5,48,1,64,0,0,Sim,N�o,Sim,ativada,azul,2338,38
14/11/2022 12:07,443,0,0,0,5,0,2,0,0,Sim,N�o,Sim,ativada,azul,2338,40
14/11/2022 12:07,442,0,0,3,77,1,13,0,0,Sim,N�o,Sim,ativada,azul,2340,33
14/11/2022 12:07,441,0,0,13,22,3,96,0,0,Sim,N�o,Sim,ativada,azul,2347,7
14/11/2022 12:07,440,0,0,19,71,5,91,0,0,Sim,N�o,Sim,ativada,azul,2357,12
14/11/2022 12:07,439,0,0,17,27,5,18,0,0,Sim,N�o,Sim,ativada,azul,2365,93
14/11/2022 12:07,438,0,0,8,15,2,45,0,0,Sim,N�o,Sim,ativada,azul,2370,8
14/11/2022 12:07,437,0,0,0,73,0,22,0,0,Sim,N�o,Sim,ativada,azul,2370,46
14/11/2022 12:07,436,0,0,1,83,0,55,0,0,Sim,N�o,Sim,ativada,azul,2371,39
14/11/2022 12:07,435,0,0,10,44,3,13,0,0,Sim,N�o,Sim,ativada,azul,2376,72
14/11/2022 12:07,434,0,0,18,65,5,59,0,0,Sim,N�o,Sim,ativada,azul,2386,23
14/11/2022 12:07,433,0,0,18,90,5,67,0,0,Sim,N�o,Sim,ativada,azul,2395,87
14/11/2022 12:07,432,0,0,10,97,3,29,0,0,Sim,N�o,Sim,ativada,azul,2401,46
14/11/2022 12:07,431,0,0,2,15,0,65,0,0,Sim,N�o,Sim,ativada,azul,2402,56
14/11/2022 12:07,430,0,0,0,55,0,16,0,0,Sim,N�o,Sim,ativada,azul,2402,84
14/11/2022 12:07,429,0,0,7,63,2,29,0,0,Sim,N�o,Sim,ativada,azul,2406,73
14/11/2022 12:07,428,0,0,16,90,5,7,0,0,Sim,N�o,Sim,ativada,azul,2415,35
14/11/2022 12:07,427,0,0,19,82,5,95,0,0,Sim,N�o,Sim,ativada,azul,2425,45
14/11/2022 12:07,426,0,0,13,71,4,11,0,0,Sim,N�o,Sim,ativada,azul,2432,45
14/11/2022 12:07,425,0,0,4,19,1,26,0,0,Sim,N�o,Sim,ativada,azul,2434,59
14/11/2022 12:07,424,0,0,0,1,0,0,0,0,Sim,N�o,Sim,ativada,azul,2434,59
14/11/2022 12:07,423,0,0,5,1,1,50,0,0,Sim,N�o,Sim,ativada,azul,2437,15
14/11/2022 12:07,422,0,0,14,60,4,38,0,0,Sim,N�o,Sim,ativada,azul,2444,60
14/11/2022 12:07,421,0,0,19,96,5,99,0,0,Sim,N�o,Sim,ativada,azul,2454,77
14/11/2022 12:08,420,0,0,16,16,4,85,0,0,Sim,N�o,Sim,ativada,azul,2463,2
14/11/2022 12:08,419,0,0,6,70,2,1,0,0,Sim,N�o,Sim,ativada,azul,2466,43
14/11/2022 12:08,418,0,0,0,27,0,8,0,0,Sim,N�o,Sim,ativada,azul,2466,57
14/11/2022 12:08,417,0,0,2,79,0,84,0,0,Sim,N�o,Sim,ativada,azul,2467,99
14/11/2022 12:08,416,0,0,11,94,3,58,0,0,Sim,N�o,Sim,ativada,azul,2474,8
14/11/2022 12:08,415,0,0,19,30,5,79,0,0,Sim,N�o,Sim,ativada,azul,2483,93
14/11/2022 12:08,414,0,0,18,12,5,43,0,0,Sim,N�o,Sim,ativada,azul,2493,16
14/11/2022 12:08,413,0,0,9,47,2,84,0,0,Sim,N�o,Sim,ativada,azul,2497,99
14/11/2022 12:08,412,0,0,1,31,0,39,0,0,Sim,N�o,Sim,ativada,azul,2498,66
14/11/2022 12:08,411,0,0,1,14,0,34,0,0,Sim,N�o,Sim,ativada,azul,2499,24
14/11/2022 12:08,410,0,0,9,12,2,73,0,0,Sim,N�o,Sim,ativada,azul,2503,89
14/11/2022 12:08,409,0,0,17,90,5,37,0,0,Sim,N�o,Sim,ativada,azul,2513,2
14/11/2022 12:08,408,0,0,19,43,5,83,0,0,Sim,N�o,Sim,ativada,azul,2522,93
14/11/2022 12:08,407,0,0,12,28,3,68,0,0,Sim,N�o,Sim,ativada,azul,2529,19
14/11/2022 12:08,406,0,0,3,4,0,91,0,0,Sim,N�o,Sim,ativada,azul,2530,74
14/11/2022 12:08,405,0,0,0,20,0,6,0,0,Sim,N�o,Sim,ativada,azul,2530,84
14/11/2022 12:08,404,0,0,6,37,1,91,0,0,Sim,N�o,Sim,ativada,azul,2534,9
14/11/2022 12:08,403,0,0,15,88,4,76,0,0,Sim,N�o,Sim,ativada,azul,2542,19
14/11/2022 12:08,402,0,0,19,98,6,0,0,0,Sim,N�o,Sim,ativada,azul,2552,38
14/11/2022 12:08,401,0,0,14,91,4,47,0,0,Sim,N�o,Sim,ativada,azul,2559,99
14/11/2022 12:08,400,0,0,5,32,1,60,0,0,Sim,N�o,Sim,ativada,azul,2562,70
14/11/2022 12:08,399,0,0,0,4,0,1,0,0,Sim,N�o,Sim,ativada,azul,2562,72
14/11/2022 12:08,398,0,0,3,91,1,17,0,0,Sim,N�o,Sim,ativada,azul,2564,71
14/11/2022 12:08,397,0,0,13,38,4,2,0,0,Sim,N�o,Sim,ativada,azul,2571,54
14/11/2022 12:08,396,0,0,19,75,5,92,0,0,Sim,N�o,Sim,ativada,azul,2581,61
14/11/2022 12:08,395,0,0,17,15,5,14,0,0,Sim,N�o,Sim,ativada,azul,2590,35
14/11/2022 12:08,394,0,0,7,98,2,39,0,0,Sim,N�o,Sim,ativada,azul,2594,42
14/11/2022 12:08,393,0,0,0,67,0,20,0,0,Sim,N�o,Sim,ativada,azul,2594,76
14/11/2022 12:08,392,0,0,1,94,0,58,0,0,Sim,N�o,Sim,ativada,azul,2595,75
14/11/2022 12:08,391,0,0,10,62,3,19,0,0,Sim,N�o,Sim,ativada,azul,2601,17
14/11/2022 12:08,390,0,0,18,73,5,62,0,0,Sim,N�o,Sim,ativada,azul,2610,72
14/11/2022 12:08,389,0,0,18,82,5,65,0,0,Sim,N�o,Sim,ativada,azul,2620,32
14/11/2022 12:08,388,0,0,10,80,3,24,0,0,Sim,N�o,Sim,ativada,azul,2625,82
14/11/2022 12:08,387,0,0,2,4,0,61,0,0,Sim,N�o,Sim,ativada,azul,2626,86
14/11/2022 12:08,386,0,0,0,60,0,18,0,0,Sim,N�o,Sim,ativada,azul,2627,17
14/11/2022 12:08,385,0,0,7,81,2,34,0,0,Sim,N�o,Sim,ativada,azul,2631,15
14/11/2022 12:08,384,0,0,17,2,5,11,0,0,Sim,N�o,Sim,ativada,azul,2639,84
14/11/2022 12:08,383,0,0,19,78,5,94,0,0,Sim,N�o,Sim,ativada,azul,2649,93
14/11/2022 12:08,382,0,0,13,55,4,6,0,0,Sim,N�o,Sim,ativada,azul,2656,84
14/11/2022 12:08,381,0,0,4,5,1,22,0,0,Sim,N�o,Sim,ativada,azul,2658,90
14/11/2022 12:08,380,0,0,0,2,0,1,0,0,Sim,N�o,Sim,ativada,azul,2658,91
14/11/2022 12:08,379,0,0,5,17,1,55,0,0,Sim,N�o,Sim,ativada,azul,2661,55
14/11/2022 12:08,378,0,0,14,76,4,43,0,0,Sim,N�o,Sim,ativada,azul,2669,7
14/11/2022 12:08,377,0,0,19,97,5,99,0,0,Sim,N�o,Sim,ativada,azul,2679,26
14/11/2022 12:08,376,0,0,16,2,4,81,0,0,Sim,N�o,Sim,ativada,azul,2687,43
14/11/2022 12:08,375,0,0,6,53,1,96,0,0,Sim,N�o,Sim,ativada,azul,2690,76
14/11/2022 12:08,374,0,0,0,23,0,7,0,0,Sim,N�o,Sim,ativada,azul,2690,88
14/11/2022 12:08,373,0,0,2,91,0,87,0,0,Sim,N�o,Sim,ativada,azul,2692,37
14/11/2022 12:08,372,0,0,12,11,3,63,0,0,Sim,N�o,Sim,ativada,azul,2698,54
14/11/2022 12:08,371,0,0,19,36,5,81,0,0,Sim,N�o,Sim,ativada,azul,2708,42
14/11/2022 12:08,370,0,0,18,1,5,40,0,0,Sim,N�o,Sim,ativada,azul,2717,60
14/11/2022 12:08,369,0,0,9,29,2,79,0,0,Sim,N�o,Sim,ativada,azul,2722,34
14/11/2022 12:08,368,0,0,1,22,0,37,0,0,Sim,N�o,Sim,ativada,azul,2722,97
14/11/2022 12:08,367,0,0,1,22,0,37,0,0,Sim,N�o,Sim,ativada,azul,2723,59
14/11/2022 12:08,366,0,0,9,29,2,79,0,0,Sim,N�o,Sim,ativada,azul,2728,33
14/11/2022 12:08,365,0,0,18,1,5,40,0,0,Sim,N�o,Sim,ativada,azul,2737,52
14/11/2022 12:08,364,0,0,19,36,5,81,0,0,Sim,N�o,Sim,ativada,azul,2747,39
14/11/2022 12:08,363,0,0,12,11,3,63,0,0,Sim,N�o,Sim,ativada,azul,2753,57
14/11/2022 12:08,362,0,0,2,91,0,87,0,0,Sim,N�o,Sim,ativada,azul,2755,5
14/11/2022 12:08,361,0,0,0,23,0,7,0,0,Sim,N�o,Sim,ativada,azul,2755,17
14/11/2022 12:09,360,0,0,6,53,1,96,0,0,Sim,N�o,Sim,ativada,azul,2758,51
14/11/2022 12:09,359,0,0,16,2,4,81,0,0,Sim,N�o,Sim,ativada,azul,2766,68
14/11/2022 12:09,358,0,0,19,97,5,99,0,0,Sim,N�o,Sim,ativada,azul,2776,86
14/11/2022 12:09,357,0,0,14,75,4,43,0,0,Sim,N�o,Sim,ativada,azul,2784,39
14/11/2022 12:09,356,0,0,5,17,1,55,0,0,Sim,N�o,Sim,ativada,azul,2787,2
14/11/2022 12:09,355,0,0,0,2,0,1,0,0,Sim,N�o,Sim,ativada,azul,2787,3
14/11/2022 12:09,354,0,0,4,5,1,22,0,0,Sim,N�o,Sim,ativada,azul,2789,10
14/11/2022 12:09,353,0,0,13,55,4,6,0,0,Sim,N�o,Sim,ativada,azul,2796,1
14/11/2022 12:09,352,0,0,19,78,5,94,0,0,Sim,N�o,Sim,ativada,azul,2806,10
14/11/2022 12:09,351,0,0,17,2,5,11,0,0,Sim,N�o,Sim,ativada,azul,2814,78
14/11/2022 12:09,350,0,0,7,81,2,34,0,0,Sim,N�o,Sim,ativada,azul,2818,76
14/11/2022 12:09,349,0,0,0,60,0,18,0,0,Sim,N�o,Sim,ativada,azul,2819,7
14/11/2022 12:09,348,0,0,2,4,0,61,0,0,Sim,N�o,Sim,ativada,azul,2820,11
14/11/2022 12:09,347,0,0,10,80,3,24,0,0,Sim,N�o,Sim,ativada,azul,2825,62
14/11/2022 12:09,346,0,0,18,82,5,65,0,0,Sim,N�o,Sim,ativada,azul,2835,22
14/11/2022 12:09,345,0,0,18,73,5,62,0,0,Sim,N�o,Sim,ativada,azul,2844,77
14/11/2022 12:09,344,0,0,10,62,3,19,0,0,Sim,N�o,Sim,ativada,azul,2850,18
14/11/2022 12:09,343,0,0,1,94,0,58,0,0,Sim,N�o,Sim,ativada,azul,2851,17
14/11/2022 12:09,342,0,0,0,67,0,20,0,0,Sim,N�o,Sim,ativada,azul,2851,51
14/11/2022 12:09,341,0,0,7,98,2,39,0,0,Sim,N�o,Sim,ativada,azul,2855,58
14/11/2022 12:09,340,0,0,17,15,5,14,0,0,Sim,N�o,Sim,ativada,azul,2864,33
14/11/2022 12:09,339,0,0,19,75,5,92,0,0,Sim,N�o,Sim,ativada,azul,2874,40
14/11/2022 12:09,338,0,0,13,38,4,1,0,0,Sim,N�o,Sim,ativada,azul,2881,22
14/11/2022 12:09,337,0,0,3,91,1,17,0,0,Sim,N�o,Sim,ativada,azul,2883,22
14/11/2022 12:09,336,0,0,0,4,0,1,0,0,Sim,N�o,Sim,ativada,azul,2883,23
14/11/2022 12:09,335,0,0,5,32,1,60,0,0,Sim,N�o,Sim,ativada,azul,2885,95
14/11/2022 12:09,334,0,0,14,91,4,47,0,0,Sim,N�o,Sim,ativada,azul,2893,55
14/11/2022 12:09,333,0,0,19,98,6,0,0,0,Sim,N�o,Sim,ativada,azul,2903,75
14/11/2022 12:09,332,0,0,15,88,4,76,0,0,Sim,N�o,Sim,ativada,azul,2911,84
14/11/2022 12:09,331,0,0,6,37,1,91,0,0,Sim,N�o,Sim,ativada,azul,2915,9
14/11/2022 12:09,330,0,0,0,20,0,6,0,0,Sim,N�o,Sim,ativada,azul,2915,19
14/11/2022 12:09,329,0,0,3,4,0,91,0,0,Sim,N�o,Sim,ativada,azul,2916,74
14/11/2022 12:09,328,0,0,12,28,3,68,0,0,Sim,N�o,Sim,ativada,azul,2923,0
14/11/2022 12:09,327,0,0,19,43,5,83,0,0,Sim,N�o,Sim,ativada,azul,2932,91
14/11/2022 12:09,326,0,0,17,90,5,37,0,0,Sim,N�o,Sim,ativada,azul,2942,4
14/11/2022 12:09,325,0,0,9,12,2,73,0,0,Sim,N�o,Sim,ativada,azul,2946,69
14/11/2022 12:09,324,0,0,1,14,0,34,0,0,Sim,N�o,Sim,ativada,azul,2947,27
14/11/2022 12:09,323,0,0,1,31,0,39,0,0,Sim,N�o,Sim,ativada,azul,2947,94
14/11/2022 12:09,322,0,0,9,47,2,84,0,0,Sim,N�o,Sim,ativada,azul,2952,77
14/11/2022 12:09,321,0,0,18,12,5,43,0,0,Sim,N�o,Sim,ativada,azul,2962,1
14/11/2022 12:09,320,0,0,19,30,5,79,0,0,Sim,N�o,Sim,ativada,azul,2971,85
14/11/2022 12:09,319,0,0,11,93,3,58,0,0,Sim,N�o,Sim,ativada,azul,2977,94
14/11/2022 12:09,318,0,0,2,79,0,84,0,0,Sim,N�o,Sim,ativada,azul,2979,36
14/11/2022 12:09,317,0,0,0,27,0,8,0,0,Sim,N�o,Sim,ativada,azul,2979,50
14/11/2022 12:09,316,0,0,6,70,2,1,0,0,Sim,N�o,Sim,ativada,azul,2982,92
14/11/2022 12:09,315,0,0,16,16,4,85,0,0,Sim,N�o,Sim,ativada,azul,2991,16
14/11/2022 12:09,314,0,0,19,96,5,99,0,0,Sim,N�o,Sim,ativada,azul,3001,34
14/11/2022 12:09,313,0,0,14,60,4,38,0,0,Sim,N�o,Sim,ativada,azul,3008,79
14/11/2022 12:09,312,0,0,5,1,1,50,0,0,Sim,N�o,Sim,ativada,azul,3011,34
14/11/2022 12:09,311,0,0,0,1,0,0,0,0,Sim,N�o,Sim,ativada,azul,3011,35
14/11/2022 12:09,310,0,0,4,19,1,26,0,0,Sim,N�o,Sim,ativada,azul,3013,49
14/11/2022 12:09,309,0,0,13,71,4,11,0,0,Sim,N�o,Sim,ativada,azul,3020,48
14/11/2022 12:09,308,0,0,19,82,5,95,0,0,Sim,N�o,Sim,ativada,azul,3030,59
14/11/2022 12:09,307,0,0,16,90,5,7,0,0,Sim,N�o,Sim,ativada,azul,3039,21
14/11/2022 12:09,306,0,0,7,63,2,29,0,0,Sim,N�o,Sim,ativada,azul,3043,10
14/11/2022 12:09,305,0,0,0,55,0,16,0,0,Sim,N�o,Sim,ativada,azul,3043,38
14/11/2022 12:09,304,0,0,2,15,0,65,0,0,Sim,N�o,Sim,ativada,azul,3044,47
14/11/2022 12:09,303,0,0,10,97,3,29,0,0,Sim,N�o,Sim,ativada,azul,3050,7
14/11/2022 12:09,302,0,0,18,90,5,67,0,0,Sim,N�o,Sim,ativada,azul,3059,71
14/11/2022 12:09,301,0,0,18,65,5,59,0,0,Sim,N�o,Sim,ativada,azul,3069,22
14/11/2022 12:10,300,0,0,10,44,3,13,0,0,Sim,N�o,Sim,ativada,azul,3074,54
14/11/2022 12:10,299,0,0,1,83,0,55,0,0,Sim,N�o,Sim,ativada,azul,3075,48
14/11/2022 12:10,298,0,0,0,73,0,22,0,0,Sim,N�o,Sim,ativada,azul,3075,85
14/11/2022 12:10,297,0,0,8,15,2,45,0,0,Sim,N�o,Sim,ativada,azul,3080,1
14/11/2022 12:10,296,0,0,17,27,5,18,0,0,Sim,N�o,Sim,ativada,azul,3088,82
14/11/2022 12:10,295,0,0,19,71,5,91,0,0,Sim,N�o,Sim,ativada,azul,3098,87
14/11/2022 12:10,294,0,0,13,22,3,96,0,0,Sim,N�o,Sim,ativada,azul,3105,61
14/11/2022 12:10,293,0,0,3,77,1,13,0,0,Sim,N�o,Sim,ativada,azul,3107,53
14/11/2022 12:10,292,0,0,0,5,0,2,0,0,Sim,N�o,Sim,ativada,azul,3107,56
14/11/2022 12:10,291,0,0,5,48,1,64,0,0,Sim,N�o,Sim,ativada,azul,3110,35
14/11/2022 12:10,290,0,0,15,6,4,52,0,0,Sim,N�o,Sim,ativada,azul,3118,3
14/11/2022 12:10,289,0,0,19,99,6,0,0,0,Sim,N�o,Sim,ativada,azul,3128,23
14/11/2022 12:10,288,0,0,15,73,4,72,0,0,Sim,N�o,Sim,ativada,azul,3136,25
14/11/2022 12:10,287,0,0,6,20,1,86,0,0,Sim,N�o,Sim,ativada,azul,3139,42
14/11/2022 12:10,286,0,0,0,16,0,5,0,0,Sim,N�o,Sim,ativada,azul,3139,50
14/11/2022 12:10,285,0,0,3,17,0,95,0,0,Sim,N�o,Sim,ativada,azul,3141,12
14/11/2022 12:10,284,0,0,12,45,3,74,0,0,Sim,N�o,Sim,ativada,azul,3147,47
14/11/2022 12:10,283,0,0,19,48,5,84,0,0,Sim,N�o,Sim,ativada,azul,3157,40
14/11/2022 12:10,282,0,0,17,79,5,34,0,0,Sim,N�o,Sim,ativada,azul,3166,48
14/11/2022 12:10,281,0,0,8,94,2,68,0,0,Sim,N�o,Sim,ativada,azul,3171,4
14/11/2022 12:10,280,0,0,1,6,0,32,0,0,Sim,N�o,Sim,ativada,azul,3171,58
14/11/2022 12:10,279,0,0,1,40,0,42,0,0,Sim,N�o,Sim,ativada,azul,3172,29
14/11/2022 12:10,278,0,0,9,65,2,89,0,0,Sim,N�o,Sim,ativada,azul,3177,21
14/11/2022 12:10,277,0,0,18,22,5,47,0,0,Sim,N�o,Sim,ativada,azul,3186,50
14/11/2022 12:10,276,0,0,19,23,5,77,0,0,Sim,N�o,Sim,ativada,azul,3196,31
14/11/2022 12:10,275,0,0,11,76,3,53,0,0,Sim,N�o,Sim,ativada,azul,3202,31
14/11/2022 12:10,274,0,0,2,67,0,80,0,0,Sim,N�o,Sim,ativada,azul,3203,67
14/11/2022 12:10,273,0,0,0,32,0,9,0,0,Sim,N�o,Sim,ativada,azul,3203,83
14/11/2022 12:10,272,0,0,6,87,2,6,0,0,Sim,N�o,Sim,ativada,azul,3207,34
14/11/2022 12:10,271,0,0,16,30,4,89,0,0,Sim,N�o,Sim,ativada,azul,3215,65
14/11/2022 12:10,270,0,0,19,94,5,98,0,0,Sim,N�o,Sim,ativada,azul,3225,82
14/11/2022 12:10,269,0,0,14,44,4,33,0,0,Sim,N�o,Sim,ativada,azul,3233,18
14/11/2022 12:10,268,0,0,4,86,1,46,0,0,Sim,N�o,Sim,ativada,azul,3235,66
14/11/2022 12:10,267,0,0,0,0,0,0,0,0,Sim,N�o,Sim,ativada,azul,3235,66
14/11/2022 12:10,266,0,0,4,34,1,30,0,0,Sim,N�o,Sim,ativada,azul,3237,88
14/11/2022 12:10,265,0,0,13,88,4,16,0,0,Sim,N�o,Sim,ativada,azul,3244,95
14/11/2022 12:10,264,0,0,19,85,5,96,0,0,Sim,N�o,Sim,ativada,azul,3255,8
14/11/2022 12:10,263,0,0,16,77,5,3,0,0,Sim,N�o,Sim,ativada,azul,3263,63
14/11/2022 12:10,262,0,0,7,46,2,24,0,0,Sim,N�o,Sim,ativada,azul,3267,44
14/11/2022 12:10,261,0,0,0,49,0,15,0,0,Sim,N�o,Sim,ativada,azul,3267,68
14/11/2022 12:10,260,0,0,2,26,0,68,0,0,Sim,N�o,Sim,ativada,azul,3268,84
14/11/2022 12:10,259,0,0,11,15,3,34,0,0,Sim,N�o,Sim,ativada,azul,3274,52
14/11/2022 12:10,258,0,0,18,98,5,69,0,0,Sim,N�o,Sim,ativada,azul,3284,20
14/11/2022 12:10,257,0,0,18,55,5,57,0,0,Sim,N�o,Sim,ativada,azul,3293,67
14/11/2022 12:10,256,0,0,10,26,3,8,0,0,Sim,N�o,Sim,ativada,azul,3298,90
14/11/2022 12:10,255,0,0,1,73,0,52,0,0,Sim,N�o,Sim,ativada,azul,3299,78
14/11/2022 12:10,254,0,0,0,80,0,24,0,0,Sim,N�o,Sim,ativada,azul,3300,19
14/11/2022 12:10,253,0,0,8,33,2,50,0,0,Sim,N�o,Sim,ativada,azul,3304,44
14/11/2022 12:10,252,0,0,17,39,5,22,0,0,Sim,N�o,Sim,ativada,azul,3313,31
14/11/2022 12:10,251,0,0,19,66,5,90,0,0,Sim,N�o,Sim,ativada,azul,3323,34
14/11/2022 12:10,250,0,0,13,5,3,91,0,0,Sim,N�o,Sim,ativada,azul,3329,99
14/11/2022 12:10,249,0,0,3,63,1,9,0,0,Sim,N�o,Sim,ativada,azul,3331,84
14/11/2022 12:10,248,0,0,0,7,0,2,0,0,Sim,N�o,Sim,ativada,azul,3331,88
14/11/2022 12:10,247,0,0,5,64,1,69,0,0,Sim,N�o,Sim,ativada,azul,3334,76
14/11/2022 12:10,246,0,0,15,22,4,56,0,0,Sim,N�o,Sim,ativada,azul,3342,52
14/11/2022 12:10,245,0,0,20,0,6,0,0,0,Sim,N�o,Sim,ativada,azul,3352,71
14/11/2022 12:10,244,0,0,15,59,4,68,0,0,Sim,N�o,Sim,ativada,azul,3360,66
14/11/2022 12:10,243,0,0,6,4,1,81,0,0,Sim,N�o,Sim,ativada,azul,3363,74
14/11/2022 12:10,242,0,0,0,13,0,4,0,0,Sim,N�o,Sim,ativada,azul,3363,81
14/11/2022 12:10,241,0,0,3,30,0,99,0,0,Sim,N�o,Sim,ativada,azul,3365,49
14/11/2022 12:11,240,12,62,0,0,0,0,3,79,Sim,N�o,Sim,ativada,azul,3373,89
14/11/2022 12:11,239,19,54,0,0,0,0,5,86,Sim,N�o,Sim,ativada,azul,3386,88
14/11/2022 12:11,238,17,68,0,0,0,0,5,30,Sim,N�o,Sim,ativada,azul,3398,64
14/11/2022 12:11,237,8,76,0,0,0,0,2,63,Sim,N�o,Sim,ativada,azul,3404,47
14/11/2022 12:11,236,0,98,0,0,0,0,0,29,Sim,N�o,Sim,ativada,azul,3405,12
14/11/2022 12:11,235,1,49,0,0,0,0,0,45,Sim,N�o,Sim,ativada,azul,3406,11
14/11/2022 12:11,234,9,82,0,0,0,0,2,95,Sim,N�o,Sim,ativada,azul,3412,65
14/11/2022 12:11,233,18,32,0,0,0,0,5,50,Sim,N�o,Sim,ativada,azul,3424,83
14/11/2022 12:11,232,19,16,0,0,0,0,5,75,Sim,N�o,Sim,ativada,azul,3437,57
14/11/2022 12:11,231,11,59,0,0,0,0,3,48,Sim,N�o,Sim,ativada,azul,3445,28
14/11/2022 12:11,230,2,55,0,0,0,0,0,76,Sim,N�o,Sim,ativada,azul,3446,97
14/11/2022 12:11,229,0,36,0,0,0,0,0,11,Sim,N�o,Sim,ativada,azul,3447,21
14/11/2022 12:11,228,7,4,0,0,0,0,2,11,Sim,N�o,Sim,ativada,azul,3451,89
14/11/2022 12:11,227,16,44,0,0,0,0,4,93,Sim,N�o,Sim,ativada,azul,3462,82
14/11/2022 12:11,226,19,92,0,0,0,0,5,98,Sim,N�o,Sim,ativada,azul,3476,7
14/11/2022 12:11,225,14,28,0,0,0,0,4,28,Sim,N�o,Sim,ativada,azul,3485,56
14/11/2022 12:11,224,4,71,0,0,0,0,1,41,Sim,N�o,Sim,ativada,azul,3488,70
14/11/2022 12:11,223,0,0,0,0,0,0,0,0,Sim,N�o,Sim,ativada,azul,3488,70
14/11/2022 12:11,222,4,49,0,0,0,0,1,35,Sim,N�o,Sim,ativada,azul,3491,68
14/11/2022 12:11,221,14,4,0,0,0,0,4,21,Sim,N�o,Sim,ativada,azul,3501,2
14/11/2022 12:11,220,19,88,0,0,0,0,5,96,Sim,N�o,Sim,ativada,azul,3514,24
14/11/2022 12:11,219,16,64,0,0,0,0,4,99,Sim,N�o,Sim,ativada,azul,3525,30
14/11/2022 12:11,218,7,29,0,0,0,0,2,19,Sim,N�o,Sim,ativada,azul,3530,15
14/11/2022 12:11,217,0,44,0,0,0,0,0,13,Sim,N�o,Sim,ativada,azul,3530,44
14/11/2022 12:11,216,2,37,0,0,0,0,0,71,Sim,N�o,Sim,ativada,azul,3532,2
14/11/2022 12:11,215,11,32,0,0,0,0,3,40,Sim,N�o,Sim,ativada,azul,3539,55
14/11/2022 12:11,214,19,6,0,0,0,0,5,72,Sim,N�o,Sim,ativada,azul,3552,22
14/11/2022 12:11,213,18,46,0,0,0,0,5,54,Sim,N�o,Sim,ativada,azul,3564,50
14/11/2022 12:11,212,10,9,0,0,0,0,3,3,Sim,N�o,Sim,ativada,azul,3571,21
14/11/2022 12:11,211,1,63,0,0,0,0,0,49,Sim,N�o,Sim,ativada,azul,3572,29
14/11/2022 12:11,210,0,87,0,0,0,0,0,26,Sim,N�o,Sim,ativada,azul,3572,87
14/11/2022 12:11,209,8,50,0,0,0,0,2,55,Sim,N�o,Sim,ativada,azul,3578,52
14/11/2022 12:11,208,17,51,0,0,0,0,5,25,Sim,N�o,Sim,ativada,azul,3590,17
14/11/2022 12:11,207,19,61,0,0,0,0,5,88,Sim,N�o,Sim,ativada,azul,3603,21
14/11/2022 12:11,206,12,88,0,0,0,0,3,86,Sim,N�o,Sim,ativada,azul,3611,78
14/11/2022 12:11,205,3,50,0,0,0,0,1,5,Sim,N�o,Sim,ativada,azul,3614,10
14/11/2022 12:11,204,0,9,0,0,0,0,0,3,Sim,N�o,Sim,ativada,azul,3614,16
14/11/2022 12:11,203,5,80,0,0,0,0,1,74,Sim,N�o,Sim,ativada,azul,3618,2
14/11/2022 12:11,202,15,37,0,0,0,0,4,61,Sim,N�o,Sim,ativada,azul,3628,24
14/11/2022 12:11,201,20,0,0,0,0,0,6,0,Sim,N�o,Sim,ativada,azul,3641,54
14/11/2022 12:11,200,15,44,0,0,0,0,4,63,Sim,N�o,Sim,ativada,azul,3651,81
14/11/2022 12:11,199,5,88,0,0,0,0,1,76,Sim,N�o,Sim,ativada,azul,3655,71
14/11/2022 12:11,198,0,11,0,0,0,0,0,3,Sim,N�o,Sim,ativada,azul,3655,79
14/11/2022 12:11,197,3,43,0,0,0,0,1,3,Sim,N�o,Sim,ativada,azul,3658,7
14/11/2022 12:11,196,12,79,0,0,0,0,3,84,Sim,N�o,Sim,ativada,azul,3666,58
14/11/2022 12:11,195,19,59,0,0,0,0,5,88,Sim,N�o,Sim,ativada,azul,3679,60
14/11/2022 12:11,194,17,57,0,0,0,0,5,27,Sim,N�o,Sim,ativada,azul,3691,28
14/11/2022 12:11,193,8,59,0,0,0,0,2,58,Sim,N�o,Sim,ativada,azul,3697,0
14/11/2022 12:11,192,0,91,0,0,0,0,0,27,Sim,N�o,Sim,ativada,azul,3697,60
14/11/2022 12:11,191,1,59,0,0,0,0,0,48,Sim,N�o,Sim,ativada,azul,3698,65
14/11/2022 12:11,190,10,0,0,0,0,0,3,0,Sim,N�o,Sim,ativada,azul,3705,30
14/11/2022 12:11,189,18,42,0,0,0,0,5,52,Sim,N�o,Sim,ativada,azul,3717,55
14/11/2022 12:11,188,19,9,0,0,0,0,5,73,Sim,N�o,Sim,ativada,azul,3730,25
14/11/2022 12:11,187,11,41,0,0,0,0,3,42,Sim,N�o,Sim,ativada,azul,3737,83
14/11/2022 12:11,186,2,43,0,0,0,0,0,73,Sim,N�o,Sim,ativada,azul,3739,45
14/11/2022 12:11,185,0,41,0,0,0,0,0,12,Sim,N�o,Sim,ativada,azul,3739,72
14/11/2022 12:11,184,7,21,0,0,0,0,2,16,Sim,N�o,Sim,ativada,azul,3744,52
14/11/2022 12:11,183,16,57,0,0,0,0,4,97,Sim,N�o,Sim,ativada,azul,3755,54
14/11/2022 12:11,182,19,89,0,0,0,0,5,97,Sim,N�o,Sim,ativada,azul,3768,77
14/11/2022 12:11,181,14,12,0,0,0,0,4,24,Sim,N�o,Sim,ativada,azul,3778,16
14/11/2022 12:12,180,4,56,0,0,0,0,1,37,Sim,N�o,Sim,ativada,azul,3781,19
14/11/2022 12:12,179,0,0,0,0,0,0,0,0,Sim,N�o,Sim,ativada,azul,3781,19
14/11/2022 12:12,178,4,63,0,0,0,0,1,39,Sim,N�o,Sim,ativada,azul,3784,27
14/11/2022 12:12,177,14,20,0,0,0,0,4,26,Sim,N�o,Sim,ativada,azul,3793,71
14/11/2022 12:12,176,19,91,0,0,0,0,5,97,Sim,N�o,Sim,ativada,azul,3806,95
14/11/2022 12:12,175,16,50,0,0,0,0,4,95,Sim,N�o,Sim,ativada,azul,3817,93
14/11/2022 12:12,174,7,12,0,0,0,0,2,14,Sim,N�o,Sim,ativada,azul,3822,66
14/11/2022 12:12,173,0,39,0,0,0,0,0,12,Sim,N�o,Sim,ativada,azul,3822,92
14/11/2022 12:12,172,2,49,0,0,0,0,0,75,Sim,N�o,Sim,ativada,azul,3824,57
14/11/2022 12:12,171,11,50,0,0,0,0,3,45,Sim,N�o,Sim,ativada,azul,3832,22
14/11/2022 12:12,170,19,13,0,0,0,0,5,74,Sim,N�o,Sim,ativada,azul,3844,94
14/11/2022 12:12,169,18,37,0,0,0,0,5,51,Sim,N�o,Sim,ativada,azul,3857,16
14/11/2022 12:12,168,9,91,0,0,0,0,2,97,Sim,N�o,Sim,ativada,azul,3863,75
14/11/2022 12:12,167,1,54,0,0,0,0,0,46,Sim,N�o,Sim,ativada,azul,3864,77
14/11/2022 12:12,166,0,94,0,0,0,0,0,28,Sim,N�o,Sim,ativada,azul,3865,40
14/11/2022 12:12,165,8,68,0,0,0,0,2,60,Sim,N�o,Sim,ativada,azul,3871,17
14/11/2022 12:12,164,17,63,0,0,0,0,5,29,Sim,N�o,Sim,ativada,azul,3882,89
14/11/2022 12:12,163,19,56,0,0,0,0,5,87,Sim,N�o,Sim,ativada,azul,3895,90
14/11/2022 12:12,162,12,71,0,0,0,0,3,81,Sim,N�o,Sim,ativada,azul,3904,35
14/11/2022 12:12,161,3,36,0,0,0,0,1,1,Sim,N�o,Sim,ativada,azul,3906,59
14/11/2022 12:12,160,0,12,0,0,0,0,0,4,Sim,N�o,Sim,ativada,azul,3906,67
14/11/2022 12:12,159,5,96,0,0,0,0,1,79,Sim,N�o,Sim,ativada,azul,3910,63
14/11/2022 12:12,158,15,51,0,0,0,0,4,65,Sim,N�o,Sim,ativada,azul,3920,95
14/11/2022 12:12,157,20,0,0,0,0,0,6,0,Sim,N�o,Sim,ativada,azul,3934,25
14/11/2022 12:12,156,15,29,0,0,0,0,4,59,Sim,N�o,Sim,ativada,azul,3944,41
14/11/2022 12:12,155,5,72,0,0,0,0,1,72,Sim,N�o,Sim,ativada,azul,3948,22
14/11/2022 12:12,154,0,8,0,0,0,0,0,2,Sim,N�o,Sim,ativada,azul,3948,27
14/11/2022 12:12,153,3,57,0,0,0,0,1,7,Sim,N�o,Sim,ativada,azul,3950,64
14/11/2022 12:12,152,12,96,0,0,0,0,3,89,Sim,N�o,Sim,ativada,azul,3959,26
14/11/2022 12:12,151,19,64,0,0,0,0,5,89,Sim,N�o,Sim,ativada,azul,3972,32
14/11/2022 12:12,150,17,45,0,0,0,0,5,24,Sim,N�o,Sim,ativada,azul,3983,93
14/11/2022 12:12,149,8,41,0,0,0,0,2,52,Sim,N�o,Sim,ativada,azul,3989,52
14/11/2022 12:12,148,0,83,0,0,0,0,0,25,Sim,N�o,Sim,ativada,azul,3990,8
14/11/2022 12:12,147,1,68,0,0,0,0,0,50,Sim,N�o,Sim,ativada,azul,3991,20
14/11/2022 12:12,146,10,18,0,0,0,0,3,5,Sim,N�o,Sim,ativada,azul,3997,96
14/11/2022 12:12,145,18,51,0,0,0,0,5,55,Sim,N�o,Sim,ativada,azul,4010,27
14/11/2022 12:12,144,19,2,0,0,0,0,5,71,Sim,N�o,Sim,ativada,azul,4022,92
14/11/2022 12:12,143,11,24,0,0,0,0,3,37,Sim,N�o,Sim,ativada,azul,4030,39
14/11/2022 12:12,142,2,32,0,0,0,0,0,70,Sim,N�o,Sim,ativada,azul,4031,93
14/11/2022 12:12,141,0,46,0,0,0,0,0,14,Sim,N�o,Sim,ativada,azul,4032,24
14/11/2022 12:12,140,7,38,0,0,0,0,2,21,Sim,N�o,Sim,ativada,azul,4037,14
14/11/2022 12:12,139,16,70,0,0,0,0,5,1,Sim,N�o,Sim,ativada,azul,4048,25
14/11/2022 12:12,138,19,87,0,0,0,0,5,96,Sim,N�o,Sim,ativada,azul,4061,46
14/11/2022 12:12,137,13,96,0,0,0,0,4,19,Sim,N�o,Sim,ativada,azul,4070,75
14/11/2022 12:12,136,4,41,0,0,0,0,1,32,Sim,N�o,Sim,ativada,azul,4073,68
14/11/2022 12:12,135,0,0,0,0,0,0,0,0,Sim,N�o,Sim,ativada,azul,4073,68
14/11/2022 12:12,134,4,79,0,0,0,0,1,44,Sim,N�o,Sim,ativada,azul,4076,86
14/11/2022 12:12,133,14,36,0,0,0,0,4,31,Sim,N�o,Sim,ativada,azul,4086,41
14/11/2022 12:12,132,19,93,0,0,0,0,5,98,Sim,N�o,Sim,ativada,azul,4099,67
14/11/2022 12:12,131,16,37,0,0,0,0,4,91,Sim,N�o,Sim,ativada,azul,4110,55
14/11/2022 12:12,130,6,95,0,0,0,0,2,9,Sim,N�o,Sim,ativada,azul,4115,17
14/11/2022 12:12,129,0,34,0,0,0,0,0,10,Sim,N�o,Sim,ativada,azul,4115,40
14/11/2022 12:12,128,2,61,0,0,0,0,0,78,Sim,N�o,Sim,ativada,azul,4117,13
14/11/2022 12:12,127,11,67,0,0,0,0,3,50,Sim,N�o,Sim,ativada,azul,4124,90
14/11/2022 12:12,126,19,20,0,0,0,0,5,76,Sim,N�o,Sim,ativada,azul,4137,66
14/11/2022 12:12,125,18,27,0,0,0,0,5,48,Sim,N�o,Sim,ativada,azul,4149,81
14/11/2022 12:12,124,9,73,0,0,0,0,2,92,Sim,N�o,Sim,ativada,azul,4156,29
14/11/2022 12:12,123,1,44,0,0,0,0,0,43,Sim,N�o,Sim,ativada,azul,4157,25
14/11/2022 12:12,122,1,2,0,0,0,0,0,31,Sim,N�o,Sim,ativada,azul,4157,93
14/11/2022 12:12,121,8,85,0,0,0,0,2,66,Sim,N�o,Sim,ativada,azul,4163,81
14/11/2022 12:13,120,17,74,0,0,0,0,5,32,Sim,N�o,Sim,ativada,azul,4175,61
14/11/2022 12:13,119,19,51,0,0,0,0,5,85,Sim,N�o,Sim,ativada,azul,4188,58
14/11/2022 12:13,118,12,54,0,0,0,0,3,76,Sim,N�o,Sim,ativada,azul,4196,92
14/11/2022 12:13,117,3,23,0,0,0,0,0,97,Sim,N�o,Sim,ativada,azul,4199,7
14/11/2022 12:13,116,0,15,0,0,0,0,0,4,Sim,N�o,Sim,ativada,azul,4199,17
14/11/2022 12:13,115,6,12,0,0,0,0,1,84,Sim,N�o,Sim,ativada,azul,4203,24
14/11/2022 12:13,114,15,66,0,0,0,0,4,70,Sim,N�o,Sim,ativada,azul,4213,66
14/11/2022 12:13,113,20,0,0,0,0,0,6,0,Sim,N�o,Sim,ativada,azul,4226,95
14/11/2022 12:13,112,15,14,0,0,0,0,4,54,Sim,N�o,Sim,ativada,azul,4237,2
14/11/2022 12:13,111,5,56,0,0,0,0,1,67,Sim,N�o,Sim,ativada,azul,4240,72
14/11/2022 12:13,110,0,6,0,0,0,0,0,2,Sim,N�o,Sim,ativada,azul,4240,76
14/11/2022 12:13,109,3,70,0,0,0,0,1,11,Sim,N�o,Sim,ativada,azul,4243,22
14/11/2022 12:13,108,13,13,0,0,0,0,3,94,Sim,N�o,Sim,ativada,azul,4251,95
14/11/2022 12:13,107,19,68,0,0,0,0,5,91,Sim,N�o,Sim,ativada,azul,4265,4
14/11/2022 12:13,106,17,33,0,0,0,0,5,20,Sim,N�o,Sim,ativada,azul,4276,57
14/11/2022 12:13,105,8,24,0,0,0,0,2,47,Sim,N�o,Sim,ativada,azul,4282,5
14/11/2022 12:13,104,0,77,0,0,0,0,0,23,Sim,N�o,Sim,ativada,azul,4282,55
14/11/2022 12:13,103,1,78,0,0,0,0,0,53,Sim,N�o,Sim,ativada,azul,4283,74
14/11/2022 12:13,102,10,35,0,0,0,0,3,11,Sim,N�o,Sim,ativada,azul,4290,63
14/11/2022 12:13,101,18,60,0,0,0,0,5,58,Sim,N�o,Sim,ativada,azul,4303,0
14/11/2022 12:13,100,18,94,0,0,0,0,5,68,Sim,N�o,Sim,ativada,azul,4315,59
14/11/2022 12:13,99,11,6,0,0,0,0,3,32,Sim,N�o,Sim,ativada,azul,4322,94
14/11/2022 12:13,98,2,20,0,0,0,0,0,66,Sim,N�o,Sim,ativada,azul,4324,41
14/11/2022 12:13,97,0,52,0,0,0,0,0,16,Sim,N�o,Sim,ativada,azul,4324,75
14/11/2022 12:13,96,7,55,0,0,0,0,2,26,Sim,N�o,Sim,ativada,azul,4329,77
14/11/2022 12:13,95,16,83,0,0,0,0,5,5,Sim,N�o,Sim,ativada,azul,4340,97
14/11/2022 12:13,94,19,84,0,0,0,0,5,95,Sim,N�o,Sim,ativada,azul,4354,16
14/11/2022 12:13,93,13,80,0,0,0,0,4,14,Sim,N�o,Sim,ativada,azul,4363,33
14/11/2022 12:13,92,4,27,0,0,0,0,1,28,Sim,N�o,Sim,ativada,azul,4366,17
14/11/2022 12:13,91,0,1,0,0,0,0,0,0,Sim,N�o,Sim,ativada,azul,4366,17
14/11/2022 12:13,90,4,94,0,0,0,0,1,48,Sim,N�o,Sim,ativada,azul,4369,46
14/11/2022 12:13,89,14,52,0,0,0,0,4,36,Sim,N�o,Sim,ativada,azul,4379,11
14/11/2022 12:13,88,19,95,0,0,0,0,5,98,Sim,N�o,Sim,ativada,azul,4392,38
14/11/2022 12:13,87,16,23,0,0,0,0,4,87,Sim,N�o,Sim,ativada,azul,4403,17
14/11/2022 12:13,86,6,78,0,0,0,0,2,3,Sim,N�o,Sim,ativada,azul,4407,68
14/11/2022 12:13,85,0,29,0,0,0,0,0,9,Sim,N�o,Sim,ativada,azul,4407,88
14/11/2022 12:13,84,2,73,0,0,0,0,0,82,Sim,N�o,Sim,ativada,azul,4409,69
14/11/2022 12:13,83,11,85,0,0,0,0,3,55,Sim,N�o,Sim,ativada,azul,4417,57
14/11/2022 12:13,82,19,27,0,0,0,0,5,78,Sim,N�o,Sim,ativada,azul,4430,39
14/11/2022 12:13,81,18,17,0,0,0,0,5,45,Sim,N�o,Sim,ativada,azul,4442,47
14/11/2022 12:13,80,9,56,0,0,0,0,2,87,Sim,N�o,Sim,ativada,azul,4448,82
14/11/2022 12:13,79,1,35,0,0,0,0,0,41,Sim,N�o,Sim,ativada,azul,4449,72
14/11/2022 12:13,78,1,10,0,0,0,0,0,33,Sim,N�o,Sim,ativada,azul,4450,46
14/11/2022 12:13,77,9,3,0,0,0,0,2,71,Sim,N�o,Sim,ativada,azul,4456,46
14/11/2022 12:13,76,17,85,0,0,0,0,5,36,Sim,N�o,Sim,ativada,azul,4468,33
14/11/2022 12:13,75,19,45,0,0,0,0,5,84,Sim,N�o,Sim,ativada,azul,4481,27
14/11/2022 12:13,74,12,37,0,0,0,0,3,71,Sim,N�o,Sim,ativada,azul,4489,49
14/11/2022 12:13,73,3,10,0,0,0,0,0,93,Sim,N�o,Sim,ativada,azul,4491,55
14/11/2022 12:13,72,0,18,0,0,0,0,0,5,Sim,N�o,Sim,ativada,azul,4491,67
14/11/2022 12:13,71,6,29,0,0,0,0,1,89,Sim,N�o,Sim,ativada,azul,4495,85
14/11/2022 12:13,70,15,81,0,0,0,0,4,74,Sim,N�o,Sim,ativada,azul,4506,37
14/11/2022 12:13,69,19,99,0,0,0,0,6,0,Sim,N�o,Sim,ativada,azul,4519,66
14/11/2022 12:13,68,14,99,0,0,0,0,4,50,Sim,N�o,Sim,ativada,azul,4529,62
14/11/2022 12:13,67,5,40,0,0,0,0,1,62,Sim,N�o,Sim,ativada,azul,4533,22
14/11/2022 12:13,66,0,4,0,0,0,0,0,1,Sim,N�o,Sim,ativada,azul,4533,24
14/11/2022 12:13,65,3,84,0,0,0,0,1,15,Sim,N�o,Sim,ativada,azul,4535,80
14/11/2022 12:13,64,13,30,0,0,0,0,3,99,Sim,N�o,Sim,ativada,azul,4544,64
14/11/2022 12:13,63,19,73,0,0,0,0,5,92,Sim,N�o,Sim,ativada,azul,4557,76
14/11/2022 12:13,62,17,21,0,0,0,0,5,16,Sim,N�o,Sim,ativada,azul,4569,20
14/11/2022 12:13,61,8,6,0,0,0,0,2,42,Sim,N�o,Sim,ativada,azul,4574,57
14/11/2022 12:14,60,0,70,0,0,0,0,0,21,Sim,N�o,Sim,ativada,azul,4575,3
14/11/2022 12:14,59,1,88,0,0,0,0,0,57,Sim,N�o,Sim,ativada,azul,4576,29
14/11/2022 12:14,58,10,53,0,0,0,0,3,16,Sim,N�o,Sim,ativada,azul,4583,29
14/11/2022 12:14,57,18,69,0,0,0,0,5,61,Sim,N�o,Sim,ativada,azul,4595,72
14/11/2022 12:14,56,18,86,0,0,0,0,5,66,Sim,N�o,Sim,ativada,azul,4608,26
14/11/2022 12:14,55,10,88,0,0,0,0,3,26,Sim,N�o,Sim,ativada,azul,4615,50
14/11/2022 12:14,54,2,10,0,0,0,0,0,63,Sim,N�o,Sim,ativada,azul,4616,89
14/11/2022 12:14,53,0,58,0,0,0,0,0,17,Sim,N�o,Sim,ativada,azul,4617,27
14/11/2022 12:14,52,7,72,0,0,0,0,2,32,Sim,N�o,Sim,ativada,azul,4622,41
14/11/2022 12:14,51,16,96,0,0,0,0,5,9,Sim,N�o,Sim,ativada,azul,4633,69
14/11/2022 12:14,50,19,80,0,0,0,0,5,94,Sim,N�o,Sim,ativada,azul,4646,85
14/11/2022 12:14,49,13,63,0,0,0,0,4,9,Sim,N�o,Sim,ativada,azul,4655,92
14/11/2022 12:14,48,4,12,0,0,0,0,1,24,Sim,N�o,Sim,ativada,azul,4658,66
14/11/2022 12:14,47,0,2,0,0,0,0,0,0,Sim,N�o,Sim,ativada,azul,4658,67
14/11/2022 12:14,46,5,9,0,0,0,0,1,53,Sim,N�o,Sim,ativada,azul,4662,6
14/11/2022 12:14,45,14,68,0,0,0,0,4,40,Sim,N�o,Sim,ativada,azul,4671,82
14/11/2022 12:14,44,19,96,0,0,0,0,5,99,Sim,N�o,Sim,ativada,azul,4685,9
14/11/2022 12:14,43,16,9,0,0,0,0,4,83,Sim,N�o,Sim,ativada,azul,4695,79
14/11/2022 12:14,42,6,62,0,0,0,0,1,98,Sim,N�o,Sim,ativada,azul,4700,19
14/11/2022 12:14,41,0,25,0,0,0,0,0,8,Sim,N�o,Sim,ativada,azul,4700,36
14/11/2022 12:14,40,2,85,0,0,0,0,0,86,Sim,N�o,Sim,ativada,azul,4702,26
14/11/2022 12:14,39,12,2,0,0,0,0,3,61,Sim,N�o,Sim,ativada,azul,4710,25
14/11/2022 12:14,38,19,33,0,0,0,0,5,80,Sim,N�o,Sim,ativada,azul,4723,11
14/11/2022 12:14,37,18,6,0,0,0,0,5,42,Sim,N�o,Sim,ativada,azul,4735,12
14/11/2022 12:14,36,9,38,0,0,0,0,2,81,Sim,N�o,Sim,ativada,azul,4741,36
14/11/2022 12:14,35,1,27,0,0,0,0,0,38,Sim,N�o,Sim,ativada,azul,4742,20
14/11/2022 12:14,34,1,18,0,0,0,0,0,35,Sim,N�o,Sim,ativada,azul,4742,99
14/11/2022 12:14,33,9,21,0,0,0,0,2,76,Sim,N�o,Sim,ativada,azul,4749,11
14/11/2022 12:14,32,17,96,0,0,0,0,5,39,Sim,N�o,Sim,ativada,azul,4761,5
14/11/2022 12:14,31,19,39,0,0,0,0,5,82,Sim,N�o,Sim,ativada,azul,4773,95
14/11/2022 12:14,30,12,19,0,0,0,0,3,66,Sim,N�o,Sim,ativada,azul,4782,6
14/11/2022 12:14,29,2,98,0,0,0,0,0,89,Sim,N�o,Sim,ativada,azul,4784,4
14/11/2022 12:14,28,0,22,0,0,0,0,0,6,Sim,N�o,Sim,ativada,azul,4784,18
14/11/2022 12:14,27,6,45,0,0,0,0,1,94,Sim,N�o,Sim,ativada,azul,4788,47
14/11/2022 12:14,26,15,95,0,0,0,0,4,78,Sim,N�o,Sim,ativada,azul,4799,8
14/11/2022 12:14,25,19,98,0,0,0,0,5,99,Sim,N�o,Sim,ativada,azul,4812,36
14/11/2022 12:14,24,14,83,0,0,0,0,4,45,Sim,N�o,Sim,ativada,azul,4822,23
14/11/2022 12:14,23,5,24,0,0,0,0,1,57,Sim,N�o,Sim,ativada,azul,4825,71
14/11/2022 12:14,22,0,3,0,0,0,0,0,1,Sim,N�o,Sim,ativada,azul,4825,73
14/11/2022 12:14,21,3,98,0,0,0,0,1,19,Sim,N�o,Sim,ativada,azul,4828,38
14/11/2022 12:14,20,13,47,0,0,0,0,4,4,Sim,N�o,Sim,ativada,azul,4837,33
14/11/2022 12:14,19,19,77,0,0,0,0,5,93,Sim,N�o,Sim,ativada,azul,4850,48
14/11/2022 12:14,18,17,9,0,0,0,0,5,13,Sim,N�o,Sim,ativada,azul,4861,84
14/11/2022 12:14,17,7,89,0,0,0,0,2,37,Sim,N�o,Sim,ativada,azul,4867,9
14/11/2022 12:14,16,0,64,0,0,0,0,0,19,Sim,N�o,Sim,ativada,azul,4867,51
14/11/2022 12:14,15,1,99,0,0,0,0,0,60,Sim,N�o,Sim,ativada,azul,4868,83
14/11/2022 12:14,14,10,71,0,0,0,0,3,21,Sim,N�o,Sim,ativada,azul,4875,95
14/11/2022 12:14,13,18,78,0,0,0,0,5,63,Sim,N�o,Sim,ativada,azul,4888,44
14/11/2022 12:14,12,18,78,0,0,0,0,5,63,Sim,N�o,Sim,ativada,azul,4900,93
14/11/2022 12:14,11,10,71,0,0,0,0,3,21,Sim,N�o,Sim,ativada,azul,4908,5
14/11/2022 12:14,10,1,99,0,0,0,0,0,60,Sim,N�o,Sim,ativada,azul,4909,37
14/11/2022 12:14,9,0,64,0,0,0,0,0,19,Sim,N�o,Sim,ativada,azul,4909,79
14/11/2022 12:14,8,7,89,0,0,0,0,2,37,Sim,N�o,Sim,ativada,azul,4915,4
14/11/2022 12:14,7,17,9,0,0,0,0,5,13,Sim,N�o,Sim,ativada,azul,4926,40
14/11/2022 12:14,6,19,77,0,0,0,0,5,93,Sim,N�o,Sim,ativada,azul,4939,55
14/11/2022 12:14,5,13,47,0,0,0,0,4,4,Sim,N�o,Sim,ativada,azul,4948,50
14/11/2022 12:14,4,3,98,0,0,0,0,1,19,Sim,N�o,Sim,ativada,azul,4951,15
14/11/2022 12:14,3,0,3,0,0,0,0,0,1,Sim,N�o,Sim,ativada,azul,4951,17
14/11/2022 12:14,2,5,25,0,0,0,0,1,57,Sim,N�o,Sim,ativada,azul,4954,65
14/11/2022 12:14,1,14,83,0,0,0,0,4,45,Sim,N�o,Sim,ativada,azul,4964,52
14/11/2022 12:15,0,19,98,0,0,0,0,5,99,Sim,N�o,Sim,ativada,azul,4977,80
